0.0836027,0.250267,0.155349,0.1991,0.224572,0.452677,0.538149,0.530528
0.109685,0.178471,0.181958,0.202853,0.28847,0.524392,0.530405,0.48561
0.078523,0.134287,0.106641,0.202449,0.273354,0.504134,0.44233,0.300792
0.0789857,0.120943,0.107029,0.224195,0.23808,0.502035,0.458531,0.279363
0.103016,0.113376,0.0893613,0.126158,0.278949,0.419672,0.35506,0.325046
0.0818764,0.110497,0.112059,0.124625,0.224324,0.477194,0.273293,0.213856
0.0910811,0.0938426,0.0650987,0.107239,0.156822,0.2418,0.214974,0.218949
0.0724902,0.0657795,0.0669418,0.103375,0.190399,0.267585,0.206385,0.182569
0.0601969,0.0692549,0.0964844,0.0826179,0.187755,0.254629,0.152292,0.135004
0.0263591,0.0553998,0.064931,0.0579674,0.165619,0.160469,0.130974,0.105886
0.0348211,0.0650989,0.0613245,0.0656233,0.126151,0.142167,0.141215,0.121599
0.0430981,0.043989,0.0683086,0.0469716,0.116444,0.130441,0.102878,0.0894708
0.0256103,0.0560415,0.0317648,0.0635776,0.122465,0.118853,0.0741436,0.0948275
0.0234054,0.0443796,0.036846,0.0503017,0.0896305,0.0620845,0.0818031,0.0672655
0.0317056,0.0382738,0.047629,0.0782372,0.0745359,0.0909586,0.0581549,0.0555902
0.0296425,0.0399272,0.0434726,0.0598668,0.0724126,0.0543601,0.0831311,0.0502456
0.0440671,0.0489608,0.0260281,0.068647,0.0764922,0.0796991,0.0557014,0.0537571
0.0612447,0.0579912,0.024528,0.0637139,0.0610712,0.0734572,0.0906626,0.0661342
0.0367048,0.0469015,0.0234259,0.0524127,0.0687668,0.0869462,0.0935678,0.0505914
0.0516677,0.0446478,0.026598,0.0338508,0.0670183,0.0579754,0.0787725,0.0416331
0.0521485,0.0768818,0.0212126,0.06058,0.0888178,0.0454203,0.0630643,0.0287404
0.0673594,0.0518011,0.0197672,0.0575684,0.0674675,0.0965699,0.0267606,0.0319238
0.0372714,0.0579879,0.0200182,0.0957465,0.100692,0.0498681,0.0628926,0.045246
0.0363954,0.0848494,0.0174579,0.0636547,0.0807062,0.0566991,0.0310712,0.0676818
0.0570943,0.0720121,0.035004,0.0900243,0.0857708,0.0459827,0.0251968,0.0643068
0.0532092,0.0555915,0.0190642,0.0487833,0.120058,0.0629507,0.0440519,0.0908496
0.0719521,0.0460089,0.0208804,0.0443856,0.0810064,0.0763843,0.0747683,0.0805194
0.0337585,0.0373376,0.0209749,0.0548146,0.0871018,0.0351491,0.0372348,0.0640676
0.0527768,0.0174575,0.014699,0.0551951,0.0616807,0.0446498,0.0398166,0.0799676
0.0308739,0.0150996,0.0109817,0.039524,0.113571,0.0402733,0.0551517,0.0550795
0.0373241,0.0129988,0.0185013,0.0322002,0.0982392,0.0506954,0.0514658,0.0364753
0.0476889,0.0226811,0.0154314,0.0366106,0.167748,0.046475,0.0364917,0.0419206
0.0336874,0.021379,0.0231887,0.029709,0.159786,0.0493632,0.0427481,0.0700261
0.0386781,0.0337335,0.0108953,0.0466687,0.1312,0.0473326,0.0449772,0.070064
0.0567749,0.0251852,0.0129517,0.0343473,0.158149,0.0535377,0.0443915,0.0664278
0.0368854,0.0284426,0.00465942,0.0334607,0.183125,0.0380376,0.0475337,0.0889046
0.0251744,0.0302443,0.0182885,0.0243351,0.146819,0.0423774,0.0409897,0.103912
0.024903,0.0193617,0.0166411,0.044188,0.111394,0.0333643,0.03913,0.0732995
0.0261221,0.0308836,0.010987,0.0240628,0.111499,0.0211825,0.0392282,0.067371
0.0343812,0.0175959,0.0112523,0.0464326,0.0781046,0.0285709,0.0467159,0.0477325
0.0389699,0.00825106,0.0110043,0.0361799,0.0881022,0.0244311,0.0367508,0.0652878
0.027377,0.019729,0.0200296,0.034418,0.0564567,0.0344904,0.0375138,0.0480373
0.0288816,0.0241036,0.02979,0.0424826,0.0643877,0.0267806,0.0519138,0.0359892
0.0305418,0.0197097,0.0282127,0.0441912,0.0782506,0.0412241,0.0388005,0.0523511
0.0339509,0.0300179,0.0253746,0.0390068,0.0768328,0.0686032,0.0657032,0.101714
0.049634,0.0377252,0.0293032,0.0405029,0.0722755,0.0802937,0.0652205,0.0835104
0.0405916,0.0395946,0.0311048,0.0471669,0.0662728,0.0715747,0.0820684,0.0767
0.0461682,0.0396339,0.0305924,0.0285251,0.0645587,0.0542415,0.0575895,0.0866488
0.0554154,0.0455929,0.0298467,0.0442693,0.0441805,0.0456804,0.0521379,0.0625646
0.054915,0.04749,0.0270675,0.0417173,0.0657127,0.0609346,0.0371058,0.0820156
0.0685106,0.0215586,0.00952307,0.0298773,0.0519939,0.0997694,0.0469813,0.0927684
0.0603748,0.020295,0.0101233,0.025719,0.0622222,0.0728906,0.0695382,0.0718961
0.0627764,0.0236847,0.0107878,0.0209759,0.0986988,0.0786016,0.0800789,0.0935796
0.0776563,0.0562467,0.0208299,0.0478654,0.118022,0.0758487,0.132683,0.117822
0.101889,0.0621983,0.0273685,0.0302162,0.136779,0.0871497,0.140621,0.203026
0.116934,0.0647699,0.0226318,0.0569967,0.319502,0.228072,0.1719,0.206597
0.132023,0.0735447,0.0206163,0.0488159,0.324253,0.28364,0.133603,0.369331
0.114588,0.0848764,0.0211507,0.0625226,0.238595,0.323236,0.118201,0.334278
0.127176,0.0646975,0.0252758,0.0432198,0.284913,0.322535,0.143937,0.293944
0.118971,0.0931702,0.017275,0.0532095,0.297488,0.405375,0.110482,0.271294
0.135206,0.0781326,0.0252905,0.021604,0.156909,0.187264,0.143365,0.347622
0.21817,0.0991515,0.0367678,0.0743522,0.160035,0.192216,0.164994,0.470298
0.130127,0.10095,0.0354139,0.0515125,0.241205,0.272838,0.20572,0.61965
0.190376,0.107477,0.0231748,0.0635477,0.213457,0.338709,0.273769,0.632732
0.214625,0.148267,0.0253645,0.0686891,0.227061,0.472038,0.286556,0.629626
0.210625,0.11819,0.0348412,0.0926133,0.290333,0.433945,0.326992,0.796693
0.210312,0.0706972,0.0272478,0.064452,0.346024,0.479427,0.461686,0.709177
0.207686,0.11811,0.0300676,0.0461151,0.265799,0.488969,0.399538,0.57817
0.151267,0.0527001,0.02921,0.0676127,0.221085,0.598219,0.352506,0.555088
0.130783,0.119764,0.0415109,0.116678,0.306158,0.437641,0.332332,0.641296
0.183762,0.082576,0.0486328,0.135187,0.34515,0.509822,0.378458,0.519009
0.26629,0.129085,0.0557531,0.0945574,0.285366,0.526851,0.447583,0.649952
0.278746,0.0753935,0.0486737,0.112682,0.280041,0.439956,0.385059,0.561567
0.323628,0.148964,0.067881,0.166255,0.385803,0.519542,0.421687,0.76098
0.368992,0.155616,0.0605111,0.10261,0.343204,0.450919,0.505742,0.7864
0.363081,0.239106,0.0597365,0.131,0.348739,0.372892,0.491868,0.753681
0.269237,0.241903,0.0718236,0.101546,0.280412,0.417091,0.537807,0.808335
0.217972,0.265528,0.0816109,0.114169,0.367782,0.3929,0.490858,0.810464
0.217757,0.270851,0.0832205,0.0957509,0.260578,0.279438,0.545547,0.717895
0.243004,0.203477,0.0745589,0.0924925,0.187177,0.320018,0.445992,0.745452
0.272374,0.214762,0.0715569,0.0878668,0.167194,0.22297,0.308809,0.643193
0.233211,0.149374,0.097344,0.108846,0.13667,0.301052,0.384015,0.764458
0.227415,0.154087,0.061116,0.0895123,0.235425,0.346327,0.365677,0.716933
0.191018,0.122297,0.101913,0.0949259,0.124212,0.43641,0.342612,0.679896
0.204468,0.117715,0.105193,0.0746103,0.162368,0.542979,0.320829,0.600893
0.186794,0.0937954,0.0848527,0.116366,0.170626,0.508985,0.400699,0.493677
0.196164,0.10942,0.129886,0.119931,0.223358,0.379166,0.23876,0.643913
0.209194,0.131015,0.132574,0.136344,0.3418,0.418937,0.291412,0.485797
0.187956,0.155998,0.138312,0.207503,0.364422,0.399112,0.256833,0.599358
0.199578,0.221831,0.109061,0.18698,0.338323,0.470128,0.321513,0.46719
0.211314,0.229684,0.15853,0.234535,0.455093,0.374457,0.332112,0.56341
0.16624,0.245898,0.166444,0.184269,0.431217,0.425442,0.44092,0.446083
0.192515,0.235839,0.159565,0.258927,0.403055,0.436719,0.332421,0.418939
0.122738,0.127565,0.197575,0.240814,0.414212,0.443073,0.227895,0.320412
0.086406,0.133299,0.159518,0.222541,0.224547,0.455997,0.250642,0.312888
0.101155,0.106794,0.125212,0.268184,0.28533,0.334158,0.122372,0.33695
0.0618691,0.103666,0.188148,0.440373,0.20282,0.271032,0.127905,0.411633
0.104117,0.149068,0.210239,0.255265,0.295566,0.321646,0.140454,0.495592
0.0736129,0.0985937,0.134574,0.257821,0.256441,0.223233,0.253118,0.292089
0.0689813,0.113701,0.144297,0.196771,0.246673,0.363375,0.202972,0.342748
0.172297,0.386706,0.0441806,0.0606026,0.0422285,0.0294453,0.113086,0.323402
0.245496,0.295579,0.108491,0.0678762,0.0313595,0.0339622,0.169945,0.323321
0.197732,0.369348,0.0742243,0.0547319,0.0376539,0.0213516,0.142139,0.395142
0.189719,0.353072,0.0554827,0.0435983,0.0327879,0.0342752,0.151478,0.321074
0.330862,0.286483,0.0698964,0.0671781,0.0358025,0.0199851,0.0856668,0.257379
0.318318,0.334988,0.0647131,0.0566041,0.0535717,0.0358906,0.0901777,0.268237
0.356108,0.323541,0.0894955,0.080372,0.0635929,0.0490702,0.140128,0.321601
0.253451,0.368319,0.0650968,0.04644,0.0530333,0.0429494,0.137356,0.307082
0.321682,0.322591,0.11085,0.0685952,0.050917,0.0644367,0.144711,0.626268
0.304908,0.410872,0.119131,0.0846524,0.0806327,0.0723204,0.185136,0.600774
0.312479,0.371527,0.118817,0.108156,0.0492996,0.041504,0.215142,0.64134
0.272899,0.303909,0.141238,0.100929,0.0402947,0.0512855,0.200367,0.642126
0.289821,0.362564,0.133437,0.149028,0.0423037,0.0382376,0.22752,0.589545
0.280116,0.410691,0.177047,0.155002,0.0542951,0.080986,0.25416,0.585903
0.239033,0.391678,0.16987,0.133933,0.0620852,0.0661833,0.178973,0.673909
0.212939,0.354492,0.163623,0.109818,0.0738537,0.0428017,0.194211,0.684731
0.333627,0.419292,0.159292,0.115485,0.0680593,0.0477637,0.164621,0.72902
0.226718,0.345601,0.172605,0.0753068,0.0497556,0.073501,0.166196,0.68615
0.244727,0.376273,0.133125,0.14063,0.067569,0.0586233,0.129803,0.674476
0.28983,0.408976,0.134594,0.0733936,0.0501215,0.0480428,0.188187,0.671763
0.261022,0.486103,0.184735,0.0643003,0.050437,0.0508139,0.0700682,0.520593
0.327547,0.406655,0.116384,0.0748386,0.0432557,0.0372284,0.0900906,0.563294
0.334281,0.447684,0.133232,0.0759482,0.0685543,0.047572,0.12428,0.570365
0.235399,0.29465,0.173487,0.115942,0.0423563,0.042534,0.129779,0.549991
0.277122,0.429551,0.155499,0.107951,0.0397889,0.0312829,0.148142,0.671276
0.319136,0.36855,0.162089,0.110043,0.0831515,0.0496342,0.158351,0.597277
0.335407,0.4664,0.263672,0.119742,0.0745401,0.0375078,0.197459,0.748431
0.419918,0.389141,0.133422,0.223946,0.0385588,0.0304991,0.183937,0.630892
0.331802,0.40733,0.132329,0.175794,0.055324,0.028898,0.144186,0.686717
0.41337,0.442195,0.14194,0.198705,0.0513253,0.0372587,0.179865,0.657968
0.414359,0.418536,0.139415,0.172183,0.0625683,0.0359772,0.179326,0.745436
0.363286,0.30316,0.125972,0.0992477,0.0572835,0.0355722,0.140915,0.633446
0.38798,0.332775,0.0978198,0.110438,0.0610799,0.0425468,0.228744,0.664537
0.402786,0.338473,0.123491,0.153593,0.070851,0.0741833,0.14719,0.561271
0.339383,0.275662,0.172648,0.139,0.0808583,0.0325208,0.0866578,0.642555
0.263835,0.256751,0.124818,0.110786,0.0529838,0.0516741,0.150167,0.634641
0.304013,0.18913,0.208757,0.110095,0.0445037,0.0330293,0.0892579,0.630906
0.339919,0.119035,0.0795331,0.162018,0.020153,0.0306647,0.119702,0.561967
0.295688,0.127641,0.113224,0.193155,0.0411357,0.02896,0.13927,0.556184
0.283401,0.208187,0.101969,0.120711,0.0596977,0.0272583,0.107192,0.427168
0.309862,0.203127,0.0892095,0.0927243,0.0375629,0.052918,0.0500234,0.302479
0.313899,0.236249,0.0886993,0.109655,0.086533,0.0396162,0.0423545,0.318455
0.216015,0.186934,0.128472,0.154371,0.0740358,0.0523634,0.0997489,0.388969
0.167599,0.17413,0.133409,0.094486,0.0869899,0.0395976,0.0726885,0.434567
0.201861,0.151758,0.111941,0.103532,0.085247,0.0376893,0.0334116,0.470067
0.193323,0.154401,0.117867,0.151832,0.054863,0.0558061,0.0547203,0.416953
0.144222,0.126077,0.147359,0.0884435,0.0320175,0.0618176,0.0492009,0.359959
0.173543,0.11638,0.0872846,0.110919,0.0392059,0.0359747,0.0348252,0.415431
0.160723,0.0885226,0.14199,0.157808,0.0801206,0.0613419,0.0286259,0.468295
0.184383,0.113921,0.146889,0.225177,0.0664121,0.128306,0.0681513,0.539214
0.134296,0.527403,0.153329,0.106006,0.136611,0.135948,0.120009,0.378009
0.211867,0.400223,0.189333,0.120789,0.0970647,0.103852,0.163952,0.432854
0.182991,0.330832,0.166899,0.0907541,0.0731465,0.0909236,0.0976885,0.353133
0.152716,0.435699,0.219608,0.113685,0.0934121,0.10491,0.165098,0.337062
0.152378,0.367485,0.255199,0.118004,0.0844383,0.10309,0.0978958,0.321628
0.162805,0.422811,0.258901,0.0893833,0.0967237,0.096015,0.0771883,0.360054
0.156333,0.461351,0.355043,0.136484,0.104782,0.116721,0.109833,0.32457
0.199996,0.533752,0.395437,0.123173,0.163758,0.140551,0.108953,0.415218
0.150849,0.466546,0.417165,0.131206,0.085559,0.124635,0.0977399,0.398922
0.0973915,0.39121,0.292485,0.155994,0.100653,0.122521,0.0660294,0.330014
0.142868,0.44022,0.24979,0.0983249,0.0739261,0.110481,0.0904439,0.286978
0.144891,0.486414,0.268979,0.141652,0.120732,0.114163,0.0901026,0.346412
0.123394,0.378742,0.256452,0.156521,0.094229,0.0641075,0.0866035,0.296595
0.186776,0.38798,0.277864,0.168673,0.100089,0.0796791,0.135544,0.321799
0.217008,0.339413,0.262457,0.253899,0.147022,0.044716,0.0645457,0.339361
0.154183,0.471139,0.302971,0.168919,0.124588,0.0818316,0.178932,0.433814
0.244232,0.418285,0.376412,0.210841,0.174963,0.0770129,0.154215,0.437307
0.281178,0.458927,0.227849,0.156734,0.119372,0.0779374,0.171041,0.448471
0.199045,0.330236,0.216494,0.200557,0.103503,0.0912587,0.275977,0.278161
0.272701,0.392261,0.266151,0.15638,0.179731,0.11388,0.223404,0.389504
0.244531,0.417137,0.35525,0.224296,0.15391,0.109772,0.175505,0.410992
0.343709,0.282132,0.342603,0.222156,0.201852,0.199938,0.100517,0.35949
0.239074,0.328333,0.252577,0.31761,0.145783,0.109019,0.121345,0.401959
0.22941,0.366427,0.238702,0.374893,0.154547,0.130302,0.162494,0.466892
0.225481,0.272705,0.231383,0.268425,0.16805,0.102797,0.0932604,0.442384
0.243932,0.182996,0.212146,0.191995,0.200875,0.122258,0.13377,0.43787
0.18781,0.166021,0.191944,0.131655,0.132561,0.104912,0.171651,0.454103
0.219176,0.181614,0.186326,0.25659,0.137991,0.0902788,0.145029,0.418889
0.348605,0.151451,0.113712,0.163833,0.132186,0.098089,0.135838,0.252454
0.38004,0.155655,0.159924,0.0937359,0.164683,0.158325,0.178175,0.251564
0.308944,0.131262,0.110091,0.108133,0.181943,0.263012,0.21598,0.267474
0.312832,0.151438,0.0881897,0.141687,0.262599,0.240722,0.214532,0.252606
0.352923,0.161032,0.100439,0.115444,0.332978,0.316525,0.335203,0.352516
0.320178,0.130833,0.076045,0.139564,0.34775,0.360247,0.22189,0.408015
0.189215,0.114223,0.101701,0.186072,0.4071,0.457551,0.337218,0.456096
0.226239,0.125785,0.102828,0.14901,0.364533,0.373405,0.453369,0.541584
0.153746,0.0814883,0.0934738,0.103106,0.396861,0.384437,0.378181,0.454388
0.130164,0.0819062,0.119824,0.219482,0.361789,0.331216,0.47855,0.545803
0.0932716,0.127639,0.0863525,0.222042,0.347288,0.260466,0.364245,0.346523
0.149096,0.109496,0.0755179,0.180971,0.335591,0.320989,0.396173,0.330468
0.144103,0.0760806,0.124684,0.229327,0.333272,0.28456,0.288844,0.235824
0.11788,0.14021,0.137415,0.170727,0.194282,0.328905,0.358427,0.213882
0.110576,0.101123,0.0972811,0.188891,0.303856,0.194951,0.249253,0.225145
0.0867313,0.0940084,0.156212,0.184144,0.287589,0.175756,0.298786,0.211024
0.104402,0.0847377,0.0778501,0.154576,0.281161,0.238272,0.246813,0.230543
0.105658,0.0863531,0.111618,0.176182,0.195468,0.267351,0.155718,0.232088
0.14098,0.0755666,0.0972272,0.128623,0.190173,0.243323,0.154852,0.233599
0.107256,0.0475335,0.0591541,0.105655,0.184742,0.217374,0.138738,0.293213
0.091205,0.0722386,0.0592085,0.148416,0.129959,0.117222,0.160667,0.329558
0.117141,0.12204,0.0471355,0.198849,0.163863,0.223168,0.138044,0.324175
0.0590128,0.0549851,0.0424531,0.0860777,0.18191,0.175821,0.298706,0.180369
0.0455253,0.0499299,0.0456634,0.114585,0.207616,0.251593,0.267249,0.171274
0.050427,0.0446706,0.0340791,0.140422,0.22616,0.338195,0.227132,0.150549
0.0492161,0.0374058,0.0310145,0.147576,0.217462,0.294845,0.262502,0.139669
0.0468034,0.0392562,0.0249616,0.136353,0.256615,0.294387,0.265884,0.1681
0.0582747,0.0494405,0.032026,0.107339,0.317429,0.383679,0.268907,0.129795
0.0404646,0.0365698,0.0189607,0.104758,0.249024,0.228702,0.283509,0.172984
0.0342774,0.0316999,0.0276878,0.12726,0.243046,0.228368,0.229501,0.167677
0.0344573,0.0318409,0.0263535,0.100558,0.232038,0.202942,0.219481,0.155317
0.0285426,0.0334303,0.0246281,0.0861328,0.24864,0.227292,0.224678,0.159952
0.0358734,0.0184492,0.0196596,0.100084,0.223635,0.207277,0.18025,0.175371
0.0279442,0.0181046,0.0262042,0.0724085,0.209061,0.21142,0.183064,0.142075
0.0243446,0.0367653,0.0182423,0.0575466,0.17737,0.236919,0.160613,0.124693
0.0234741,0.0249512,0.0201394,0.0678998,0.17531,0.144143,0.194103,0.131455
0.0327344,0.0326997,0.0246424,0.111118,0.149051,0.156804,0.176696,0.103668
0.0354598,0.0229414,0.027026,0.0732392,0.127309,0.145905,0.166262,0.101312
0.029051,0.0320686,0.0240029,0.0768886,0.132975,0.152378,0.103561,0.0878036
0.0381897,0.031827,0.0148703,0.0756012,0.139192,0.1627,0.164246,0.0899512
0.0344981,0.0460611,0.0127506,0.070201,0.132621,0.197292,0.1811,0.112407
0.0501418,0.034855,0.0235806,0.0561627,0.132958,0.109878,0.133828,0.107739
0.0354333,0.0529714,0.0136221,0.0574059,0.154843,0.101624,0.119586,0.0841001
0.0480765,0.0573374,0.0117684,0.0897268,0.12667,0.143111,0.0904209,0.0843741
0.0362003,0.0607345,0.0164315,0.110272,0.169813,0.0856359,0.133118,0.104088
0.028881,0.0603347,0.0165112,0.0502643,0.107139,0.0765804,0.0719947,0.0908586
0.0286066,0.0533277,0.020968,0.0636102,0.111949,0.0923311,0.0626179,0.0816831
0.030667,0.0517236,0.018328,0.0488485,0.160779,0.124457,0.0954873,0.0820902
0.0435584,0.0410844,0.0175197,0.0561944,0.125734,0.15876,0.140258,0.0988325
0.0265572,0.0333337,0.0158655,0.0479433,0.13331,0.0950977,0.0765035,0.0666881
0.0236641,0.0218936,0.0147323,0.0557154,0.0921553,0.103785,0.0877189,0.10126
0.0247159,0.0198869,0.0131023,0.0561789,0.135461,0.0894586,0.106487,0.0798196
0.0319783,0.0202054,0.0197177,0.0556535,0.148428,0.0923463,0.0751931,0.0708613
0.0308613,0.0329255,0.0154084,0.0539724,0.158335,0.0654681,0.0509233,0.0656173
0.0363986,0.0376118,0.0200485,0.0472826,0.128516,0.0826445,0.0619657,0.0836589
0.0443286,0.0627988,0.0181193,0.0678907,0.140114,0.0779901,0.0548309,0.0932629
0.0434093,0.046555,0.0149093,0.07395,0.147662,0.0642808,0.0618945,0.0823043
0.0315609,0.0502233,0.01156,0.0526726,0.15601,0.0538255,0.0624769,0.0852953
0.0239704,0.0415947,0.0234502,0.056609,0.143954,0.0614798,0.0390141,0.0828929
0.0273864,0.0340535,0.0276801,0.0559508,0.151565,0.0549758,0.0438544,0.0775425
0.023137,0.0273225,0.017333,0.0456208,0.128428,0.0401733,0.041346,0.0737473
0.0216276,0.0288556,0.0187423,0.0616385,0.135164,0.0570026,0.0361451,0.0615364
0.0196322,0.0177123,0.0175807,0.0600706,0.114306,0.059946,0.0653712,0.0729888
0.0129802,0.0278628,0.0219464,0.0672184,0.0939833,0.0627184,0.0434832,0.0777832
0.0183379,0.020144,0.0279164,0.0666227,0.0995648,0.0595306,0.0747142,0.0497523
0.0224015,0.0307144,0.0297315,0.0547998,0.121986,0.0819299,0.0604073,0.0872188
0.0211744,0.037043,0.0325551,0.0547113,0.105272,0.0713365,0.078078,0.126835
0.0230226,0.0252601,0.0269953,0.0667631,0.112088,0.101114,0.0834327,0.0844096
0.0182326,0.0333552,0.0328915,0.059456,0.0975996,0.0688875,0.0812898,0.0786271
0.0281181,0.0484401,0.0425423,0.0534703,0.0797451,0.0422747,0.0652034,0.067536
0.0246152,0.0361483,0.0415769,0.0621988,0.068102,0.041138,0.0568325,0.0753146
0.0210888,0.0495357,0.0447554,0.0679782,0.0922181,0.0418527,0.0423771,0.0578955
0.0899617,0.144285,0.0531665,0.0511683,0.0630491,0.0255421,0.0266689,0.0900024
0.109821,0.0958932,0.0313736,0.0534189,0.0425069,0.0214395,0.0386662,0.186018
0.094784,0.101537,0.0543984,0.0473942,0.0496305,0.0212728,0.0357744,0.178354
0.112574,0.135744,0.114342,0.0782327,0.0567921,0.0264678,0.0656041,0.197927
0.0911351,0.137176,0.108928,0.120161,0.0538313,0.0441957,0.0561386,0.23789
0.105043,0.242566,0.119333,0.104455,0.0576186,0.0230991,0.0663988,0.290164
0.0845326,0.228292,0.145714,0.117255,0.0890955,0.0386998,0.108631,0.341
0.125747,0.381644,0.286232,0.151306,0.123866,0.0757465,0.0688779,0.480603
0.0994076,0.229342,0.257081,0.188847,0.0802717,0.0429788,0.0916914,0.363322
0.0821826,0.19745,0.189221,0.170217,0.0994116,0.101824,0.0771586,0.344706
0.1013,0.175907,0.116109,0.093906,0.0722367,0.0587631,0.0824458,0.325862
0.0930979,0.2176,0.163934,0.211178,0.138419,0.0693818,0.0762544,0.246103
0.0773508,0.160419,0.230644,0.169242,0.137499,0.0588091,0.0725572,0.228349
0.102536,0.199585,0.210457,0.168558,0.102033,0.0611652,0.0698886,0.211776
0.149631,0.243093,0.176138,0.237039,0.196195,0.0397727,0.0619642,0.224825
0.0916105,0.248609,0.155039,0.144446,0.138574,0.0770182,0.108024,0.395808
0.140196,0.225921,0.227813,0.234623,0.143851,0.0953545,0.131709,0.410382
0.174027,0.252483,0.166579,0.201508,0.154242,0.0985323,0.119554,0.320231
0.169984,0.199437,0.183876,0.200928,0.126369,0.0811268,0.202371,0.243757
0.161044,0.298363,0.175769,0.275359,0.226744,0.133381,0.135163,0.369981
0.194817,0.250973,0.222421,0.2962,0.154451,0.122891,0.188435,0.478442
0.174913,0.238093,0.242937,0.271601,0.218665,0.141472,0.138909,0.500386
0.157189,0.195827,0.260246,0.305627,0.130053,0.16447,0.140945,0.456495
0.144962,0.223551,0.169408,0.276844,0.203655,0.173739,0.216531,0.456592
0.104377,0.163022,0.200676,0.206732,0.181314,0.148937,0.123728,0.406757
0.130184,0.119068,0.150621,0.2505,0.134291,0.122884,0.0923755,0.316953
0.103011,0.126986,0.160721,0.134397,0.13557,0.114393,0.131626,0.348477
0.127768,0.124007,0.153644,0.230392,0.173439,0.120538,0.118348,0.356574
0.13557,0.0885259,0.0685816,0.129834,0.231189,0.145965,0.163693,0.166545
0.279563,0.131763,0.0916045,0.0929184,0.193442,0.197303,0.145113,0.196395
0.218866,0.153747,0.0927583,0.150385,0.216017,0.335901,0.225781,0.274329
0.260515,0.0986283,0.0592567,0.203099,0.297374,0.365472,0.30009,0.337371
0.356706,0.122629,0.0525704,0.163853,0.382261,0.486433,0.435912,0.33858
0.270762,0.0722194,0.0570691,0.150185,0.421464,0.353119,0.357875,0.445428
0.141964,0.070678,0.067173,0.178214,0.410723,0.563323,0.54384,0.446954
0.137784,0.0742603,0.0552183,0.188749,0.421142,0.506148,0.523117,0.393777
0.105625,0.0800642,0.0392905,0.169541,0.517862,0.36518,0.434715,0.305153
0.0572631,0.0457021,0.0520279,0.195809,0.379155,0.405875,0.538996,0.39805
0.0484944,0.0440806,0.0410186,0.227668,0.352824,0.248191,0.331505,0.29613
0.049823,0.0389941,0.0326858,0.141148,0.289912,0.323968,0.304453,0.201891
0.0431649,0.0444929,0.0485488,0.19711,0.344691,0.246076,0.297116,0.152865
0.0209923,0.0363515,0.0555924,0.180733,0.20101,0.274503,0.368361,0.13036
0.0327153,0.0340365,0.0475952,0.134314,0.402412,0.166682,0.245372,0.110191
0.0286784,0.0289228,0.0488442,0.192101,0.327344,0.175672,0.319718,0.117568
0.0356695,0.0297852,0.0411736,0.175521,0.232278,0.156123,0.222539,0.0956496
0.0362173,0.0137494,0.0459942,0.117123,0.247089,0.128896,0.119792,0.0863508
0.033948,0.0187478,0.0503928,0.141125,0.204548,0.152974,0.142632,0.103578
0.0504822,0.0206924,0.0304396,0.0959044,0.216938,0.123296,0.0804893,0.148393
0.0351176,0.0370637,0.0215198,0.101086,0.193163,0.0733107,0.137094,0.251679
0.0322798,0.0738824,0.021026,0.162572,0.148663,0.141596,0.114974,0.222822
0.0586148,0.0503605,0.0601226,0.0955021,0.153993,0.133391,0.191065,0.206326
0.0592149,0.0378379,0.0584879,0.104113,0.150774,0.126884,0.137956,0.190445
0.0851431,0.0342437,0.0470076,0.153561,0.198755,0.185305,0.122198,0.204931
0.0666666,0.0381564,0.035748,0.148699,0.179384,0.168961,0.137912,0.162805
0.0776151,0.0359818,0.033694,0.129881,0.179833,0.119073,0.124641,0.24036
0.0853261,0.056245,0.03582,0.159082,0.290974,0.190792,0.141564,0.227917
0.065298,0.0545558,0.0286532,0.142968,0.249949,0.194901,0.173209,0.285517
0.0411531,0.0440068,0.0402191,0.140963,0.291804,0.242907,0.179062,0.24525
0.0578443,0.0529216,0.0415516,0.118812,0.235742,0.21632,0.174363,0.236687
0.0539153,0.030388,0.0338883,0.0863278,0.26504,0.249563,0.172076,0.242943
0.0439585,0.0167539,0.0230612,0.117252,0.267348,0.238021,0.133302,0.302584
0.0319631,0.02326,0.0291997,0.0721537,0.269617,0.271075,0.183494,0.311008
0.045632,0.0422845,0.0247467,0.0610616,0.20499,0.284922,0.181776,0.301702
0.0348693,0.0370425,0.0222069,0.0935139,0.223379,0.227776,0.228446,0.278727
0.0344406,0.0416888,0.0329489,0.132476,0.280438,0.29663,0.226024,0.279837
0.052928,0.0316211,0.0301669,0.105149,0.207133,0.295469,0.267338,0.290499
0.0643839,0.0499111,0.0278032,0.12175,0.245094,0.271399,0.182186,0.275967
0.0606583,0.0381194,0.015616,0.11146,0.341122,0.33864,0.281228,0.22226
0.061719,0.0499692,0.0139623,0.133244,0.302413,0.420475,0.277346,0.303879
0.111035,0.0695982,0.0256933,0.102697,0.241436,0.305344,0.226231,0.231885
0.0768863,0.08523,0.0156764,0.140668,0.261189,0.32393,0.217707,0.307915
0.0813841,0.0675588,0.0108433,0.162985,0.265555,0.285457,0.161837,0.303753
0.0646841,0.0609286,0.0135174,0.0970106,0.268394,0.173664,0.158944,0.320645
0.0399441,0.0503959,0.0191029,0.068346,0.16419,0.171171,0.0979496,0.2129
0.0485437,0.050649,0.0164434,0.0807815,0.176935,0.179307,0.10104,0.22435
0.0417352,0.0538925,0.0143307,0.0635795,0.221649,0.166549,0.116468,0.179493
0.0457928,0.0470702,0.0153778,0.0477194,0.128705,0.147519,0.112648,0.189934
0.0357698,0.0378025,0.0162759,0.0482006,0.116401,0.104827,0.0768722,0.130313
0.0340509,0.0253623,0.0130865,0.0610727,0.10661,0.128006,0.0834479,0.123051
0.0208196,0.0331583,0.0126751,0.0574755,0.117293,0.0826483,0.0794083,0.129486
0.0165769,0.0221858,0.0104007,0.0456951,0.1184,0.061384,0.0509466,0.112181
0.030825,0.0242048,0.00576428,0.0463085,0.118025,0.0345695,0.0374518,0.0934661
0.0221593,0.0241463,0.00875895,0.0482237,0.0977645,0.0506427,0.0388498,0.0711888
0.0277823,0.0275289,0.00959885,0.0457939,0.0918969,0.0493963,0.0414611,0.0966248
0.0289837,0.0309823,0.00925572,0.0518582,0.0636857,0.0335269,0.0312531,0.0587205
0.0207145,0.0248627,0.00442546,0.0459951,0.081747,0.029879,0.0229262,0.0542429
0.0111407,0.0157868,0.00766894,0.0438125,0.104791,0.0299803,0.01274,0.0518385
0.0143909,0.00776845,0.00825272,0.0385644,0.0800214,0.0260302,0.0192531,0.0498257
0.0121214,0.0136617,0.00859703,0.0279487,0.0599139,0.0138481,0.0135407,0.0382065
0.0139746,0.00801447,0.00802268,0.043102,0.0780584,0.0212174,0.0155398,0.0340698
0.00865771,0.0096787,0.0124098,0.0453468,0.0728713,0.0243621,0.0229627,0.0370826
0.00452011,0.013273,0.0164089,0.0539648,0.0399659,0.0336192,0.0228358,0.0477796
0.00947813,0.011037,0.0148237,0.031935,0.0384467,0.0170214,0.0383413,0.026308
0.0081366,0.00896982,0.0127498,0.0361483,0.0629146,0.0291194,0.0271273,0.0386037
0.00897271,0.0157604,0.0131041,0.0362802,0.0556131,0.0355828,0.0336053,0.0475863
0.0111071,0.00487527,0.0143328,0.0382435,0.0698363,0.0358663,0.0404378,0.0329271
0.00754768,0.010497,0.0144687,0.0388969,0.0537464,0.0225779,0.0399926,0.040553
0.0149234,0.0155996,0.0175606,0.0317813,0.0440368,0.016616,0.0298255,0.0287512
0.0153426,0.0172569,0.0188544,0.037908,0.034742,0.0151975,0.0287428,0.028057
0.00954743,0.0229569,0.0156581,0.0354457,0.0422951,0.0131609,0.0212881,0.0166281
0.0471428,0.0207057,0.0165117,0.033547,0.0415818,0.0254434,0.0366869,0.0711106
0.0510393,0.0214199,0.00983995,0.035456,0.0432047,0.0258682,0.0380104,0.0869152
0.0473163,0.0289586,0.0119935,0.0411058,0.0521706,0.0304445,0.0350138,0.0758728
0.0443748,0.0273305,0.0219801,0.0464947,0.0564542,0.0234982,0.0398204,0.0808014
0.0519574,0.0340842,0.0249622,0.0551485,0.0509011,0.0312019,0.0405698,0.11078
0.0401709,0.0354583,0.0220809,0.0543438,0.0675297,0.0317886,0.0387728,0.0786667
0.0316495,0.0267365,0.0217194,0.0483159,0.0672183,0.019409,0.0464435,0.105088
0.0401563,0.026048,0.0257141,0.0617573,0.074106,0.0227949,0.0340366,0.116846
0.0329754,0.0203311,0.0222125,0.0654728,0.0667278,0.0187643,0.038387,0.130549
0.0298274,0.0172842,0.0279252,0.0479316,0.0530137,0.0238378,0.0351791,0.137259
0.0309805,0.0100044,0.0166669,0.0523402,0.0676795,0.0153063,0.03916,0.108927
0.0183156,0.0105079,0.0130467,0.048033,0.080032,0.0117662,0.0267882,0.0887935
0.0209345,0.0180224,0.0230043,0.0468953,0.0680623,0.0230477,0.0274052,0.0744228
0.0256875,0.0185906,0.0215629,0.0525538,0.0625096,0.0185105,0.0234947,0.0765522
0.0359353,0.0185009,0.0219447,0.0514673,0.0632429,0.0163686,0.0279815,0.0604484
0.0274115,0.0175526,0.016474,0.0560808,0.0452024,0.0269684,0.0277389,0.0578932
0.0346544,0.0238521,0.0165509,0.0457649,0.0359885,0.0292041,0.0267722,0.0606532
0.0420293,0.0236403,0.0142475,0.0472085,0.0383475,0.027874,0.0258791,0.0582319
0.0491481,0.0224705,0.0184865,0.0480105,0.0281115,0.03466,0.0327285,0.0648452
0.0388081,0.027275,0.0153404,0.0585552,0.0513285,0.0330883,0.0317388,0.0754095
0.0290677,0.0230641,0.0127225,0.0582594,0.0676305,0.0278111,0.0369227,0.0849937
0.0485668,0.0274692,0.0101421,0.077989,0.0564846,0.0311819,0.0384611,0.100895
0.0350014,0.020517,0.0157239,0.0787655,0.0580609,0.0280002,0.0279331,0.11265
0.0324824,0.0260586,0.0130954,0.0711507,0.0439759,0.0308911,0.0329332,0.122636
0.0284163,0.030961,0.0239497,0.0538979,0.0694216,0.0329405,0.0344032,0.102614
0.0348247,0.028088,0.0143852,0.0601838,0.0652877,0.0391904,0.0370589,0.0978939
0.0373185,0.029847,0.0223428,0.0558741,0.0597501,0.0336088,0.0510543,0.0743302
0.0326228,0.0234753,0.0190864,0.0606573,0.0744689,0.040468,0.0349197,0.0819998
0.0360374,0.0145457,0.0127739,0.0616919,0.0781438,0.0623072,0.0812007,0.0689195
0.0547602,0.0132034,0.0115771,0.0555479,0.0791993,0.0564413,0.0809472,0.0557085
0.0587071,0.0155981,0.0212264,0.0668336,0.0899103,0.0784597,0.0847562,0.059325
0.0522245,0.0149261,0.0110404,0.0566919,0.0855501,0.068232,0.0787282,0.0533495
0.0710143,0.0130235,0.0102159,0.0665548,0.117942,0.075976,0.0921644,0.0721069
0.0674584,0.0194591,0.013261,0.0787842,0.14228,0.0658586,0.0631891,0.072693
0.0456319,0.0200469,0.0140151,0.0699719,0.146568,0.0872323,0.0971615,0.0915982
0.0403876,0.0179242,0.00810181,0.0753395,0.15863,0.0639416,0.0777125,0.0781531
0.0259972,0.0221473,0.0100254,0.0789602,0.176971,0.0537746,0.0696497,0.0742475
0.0297143,0.0178096,0.0115861,0.0756459,0.143599,0.055641,0.0375309,0.0745553
0.0256958,0.0103834,0.00904098,0.0656852,0.14435,0.0381836,0.0433885,0.0586363
0.023076,0.0111662,0.00717284,0.0639792,0.152426,0.0582443,0.0317159,0.0645852
0.0188714,0.00736474,0.00666998,0.061597,0.145511,0.0460993,0.0459654,0.0555859
0.0183033,0.0126287,0.0113768,0.0459196,0.109607,0.0669233,0.0452701,0.0600698
0.0165882,0.0107409,0.0160045,0.0651848,0.182117,0.0691815,0.0756279,0.0490966
0.0216754,0.0123939,0.0194428,0.0778162,0.167549,0.0899498,0.0760765,0.0471874
0.0146654,0.0127131,0.0184764,0.0751341,0.182274,0.0717606,0.0783956,0.0475669
0.0203964,0.0080887,0.0183465,0.0623433,0.185273,0.0583977,0.0744065,0.0454823
0.01469,0.0105294,0.0140318,0.0710025,0.168107,0.0584211,0.0598609,0.0468347
0.0230787,0.0150845,0.012383,0.0589004,0.16533,0.0542536,0.0694211,0.060023
0.0239756,0.018812,0.0144373,0.0475476,0.139665,0.0491861,0.0585428,0.0635593
0.0190986,0.0185805,0.0150046,0.0598241,0.107525,0.0491129,0.0486447,0.0558391
0.0540816,0.0322531,0.0233956,0.0419502,0.0558248,0.0446375,0.062399,0.0921811
0.0540346,0.032519,0.014864,0.0461141,0.0593125,0.0427053,0.0642992,0.111004
0.0554605,0.0405793,0.0175506,0.0540882,0.0658814,0.0561265,0.0553658,0.0996776
0.0463475,0.0384312,0.030838,0.0507893,0.0749197,0.0367764,0.0589829,0.0915196
0.0550138,0.0446988,0.0332286,0.0567761,0.057233,0.0454944,0.0609637,0.111322
0.0414796,0.0401501,0.0284759,0.0573628,0.0730588,0.0500963,0.0579546,0.0888554
0.0359667,0.0317392,0.0278667,0.0512008,0.0773924,0.0308255,0.0639431,0.107128
0.0419402,0.0287,0.028127,0.0629928,0.0868906,0.0334409,0.0463642,0.11662
0.0349306,0.0244087,0.0229269,0.0697418,0.0705073,0.0270636,0.0526355,0.121888
0.0338294,0.0202749,0.028613,0.0495574,0.0631245,0.0325891,0.0490745,0.145901
0.0376694,0.0134413,0.0226417,0.0546903,0.0716016,0.0205299,0.0546117,0.107363
0.0218316,0.0143946,0.0167602,0.0512268,0.0846127,0.0173267,0.0402906,0.0966274
0.0240269,0.0225119,0.0283471,0.0536245,0.0791002,0.0292025,0.037624,0.086572
0.0314516,0.0219944,0.0285455,0.0560689,0.0751496,0.0229328,0.032145,0.089458
0.0413241,0.0234174,0.0273934,0.0598879,0.0632188,0.020155,0.0339554,0.0728295
0.0302526,0.0203211,0.0202914,0.0600625,0.0510579,0.0315035,0.0324345,0.0587471
0.038405,0.0270009,0.0228402,0.0491466,0.0404552,0.0315307,0.0321633,0.0691588
0.0453491,0.0299123,0.0177775,0.0495875,0.0375965,0.0318394,0.0293715,0.0714456
0.0508098,0.0257947,0.0236864,0.0463682,0.0255609,0.0316762,0.0337962,0.0688365
0.0426882,0.0305893,0.0195527,0.0558729,0.0477678,0.0314432,0.0347451,0.0786071
0.0304249,0.0277333,0.0170826,0.0531811,0.0567893,0.025269,0.0357757,0.0849529
0.0522927,0.0314774,0.0144272,0.0722166,0.0484668,0.0264521,0.0356601,0.0953047
0.0363362,0.0260895,0.0200781,0.0750617,0.0495646,0.0259859,0.028797,0.117164
0.0439593,0.0346765,0.016865,0.0738619,0.037575,0.0302617,0.0347231,0.127259
0.0377788,0.0418471,0.0292988,0.0602018,0.0545015,0.0326766,0.0388411,0.124439
0.0477483,0.0404139,0.0202405,0.0660754,0.0570506,0.0360919,0.0398349,0.12339
0.0515407,0.0432154,0.0300232,0.0680381,0.0584146,0.0296051,0.0524765,0.0846699
0.0417275,0.0380852,0.029307,0.0622468,0.0631703,0.0365769,0.0353949,0.0877979
0.0490277,0.0229578,0.0208652,0.0692675,0.0639399,0.0481384,0.0718903,0.0678272
0.0701884,0.0209388,0.0188808,0.0570004,0.069174,0.0469885,0.0827153,0.0642741
0.0787425,0.0249003,0.036673,0.0791383,0.078744,0.0645516,0.0880113,0.0742254
0.0698457,0.0265769,0.02126,0.0692205,0.0792856,0.0665104,0.0912692,0.0629967
0.0870294,0.0229312,0.0217367,0.0760235,0.10839,0.0716943,0.0915082,0.0808279
0.086546,0.0336027,0.0247252,0.0830205,0.135709,0.0610289,0.0743402,0.0929206
0.0586239,0.034621,0.028503,0.0839788,0.129818,0.0732547,0.105702,0.111208
0.0604278,0.0319396,0.016226,0.0892595,0.152533,0.0666214,0.0903922,0.099048
0.044589,0.0420854,0.0188946,0.0859903,0.150082,0.0535322,0.0746508,0.0850086
0.0473051,0.0351015,0.0245034,0.0817571,0.146507,0.0629418,0.0482442,0.0913805
0.0400055,0.0218083,0.0181464,0.0790485,0.142096,0.0530716,0.0584363,0.0726203
0.0365989,0.0227856,0.0141754,0.0816959,0.162658,0.0665463,0.0479308,0.0801895
0.0320945,0.0139028,0.0130658,0.0749314,0.147693,0.0602375,0.0604748,0.0687989
0.0344513,0.0248818,0.0207527,0.0603196,0.131788,0.0815321,0.0527638,0.080812
0.0320736,0.0236244,0.0325277,0.0825207,0.184648,0.0882083,0.0887123,0.0677914
0.0355917,0.0264668,0.037514,0.105861,0.165258,0.105627,0.0894726,0.0636265
0.025363,0.0277064,0.0346891,0.0893695,0.187324,0.0901427,0.098242,0.0624888
0.0350469,0.0207655,0.0336997,0.0794771,0.181346,0.0706471,0.0921684,0.0618278
0.0279434,0.0228883,0.0260255,0.0845397,0.167835,0.0764793,0.0759329,0.0706575
0.0379546,0.0291413,0.0225126,0.0844394,0.173716,0.0759731,0.0918983,0.0851044
0.0371172,0.0332519,0.0254897,0.0648483,0.143238,0.0724186,0.0869518,0.0957203
0.0358853,0.0310324,0.0283962,0.0798523,0.134439,0.0707549,0.0772309,0.084762
0.0533679,0.0442165,0.0357083,0.0815621,0.0991509,0.124315,0.195282,0.240977
0.0573848,0.0368553,0.0303841,0.0859372,0.115117,0.137088,0.190409,0.218098
0.0478896,0.0365161,0.0233653,0.0915291,0.128324,0.185652,0.151389,0.142344
0.0434986,0.0305489,0.0257792,0.0870415,0.123639,0.145907,0.179222,0.122317
0.0473785,0.0258093,0.021577,0.0739753,0.12558,0.146578,0.129371,0.143632
0.0536915,0.029953,0.0260575,0.0640329,0.138179,0.153848,0.122484,0.110952
0.0386768,0.0196046,0.0175749,0.0518507,0.102076,0.0717327,0.0950636,0.114734
0.0356313,0.0174733,0.0181235,0.0530668,0.11118,0.0851914,0.0786357,0.0966524
0.0364513,0.0146578,0.0159097,0.0514842,0.108626,0.067365,0.0813174,0.101958
0.0207042,0.010021,0.0183154,0.043382,0.0992008,0.0604653,0.0763001,0.0894575
0.024189,0.00864155,0.0132489,0.0452194,0.0882769,0.0469023,0.079373,0.0997834
0.0160325,0.00782203,0.0147027,0.0336708,0.076479,0.0311311,0.0534869,0.0787117
0.0180478,0.0144284,0.0141147,0.0340575,0.0725729,0.0487309,0.046571,0.0721447
0.0144407,0.0141528,0.0116405,0.0343995,0.0729422,0.0324384,0.0348178,0.0498982
0.0197651,0.0129803,0.0126616,0.0367443,0.060241,0.0421972,0.0326275,0.0371655
0.0207536,0.00896601,0.0111905,0.0367269,0.0489442,0.0425291,0.0361943,0.0378384
0.0222947,0.019463,0.00756694,0.0370132,0.0391522,0.0432573,0.0290946,0.0355524
0.0295037,0.0177233,0.00766563,0.0283601,0.0407244,0.0412186,0.0347588,0.0377941
0.0277758,0.0175962,0.00784559,0.0313214,0.0366184,0.0502237,0.0339477,0.0425079
0.0299381,0.0182434,0.00857799,0.023616,0.0416049,0.0314094,0.0289857,0.0331322
0.0228536,0.0262516,0.0052009,0.0345326,0.0501631,0.0266304,0.0274525,0.0283771
0.0275859,0.0205724,0.00450453,0.0347313,0.0459322,0.0417832,0.0262032,0.0325134
0.0242794,0.0205986,0.00750399,0.0460076,0.0578599,0.0248167,0.0298097,0.0440394
0.021269,0.0228793,0.00589698,0.0326639,0.0435922,0.0300176,0.0216794,0.0570946
0.0259458,0.0288699,0.0116245,0.0365393,0.0519735,0.022344,0.0188701,0.0572633
0.0277434,0.0297425,0.0083962,0.0327291,0.0745133,0.03857,0.032111,0.0630941
0.0279041,0.0266507,0.0101777,0.0284863,0.0606362,0.0358143,0.0524746,0.0583603
0.0243653,0.0197783,0.00940412,0.0335846,0.0687139,0.0284731,0.0319464,0.045783
0.0237598,0.0105558,0.00613444,0.0323269,0.0585375,0.0256423,0.0420196,0.0483473
0.0205221,0.00908125,0.00573153,0.037609,0.079743,0.0240392,0.0450286,0.0373992
0.021144,0.0104705,0.0103612,0.0281079,0.0687885,0.0246492,0.0359226,0.0313549
0.0235087,0.0136164,0.00649352,0.0295685,0.0914332,0.0203509,0.0247498,0.0346007
0.022765,0.0104923,0.00934834,0.0337864,0.108948,0.0239522,0.0262848,0.0500774
0.0248971,0.0199051,0.00626839,0.0375503,0.102957,0.0193658,0.0261864,0.0420335
0.0294167,0.0175142,0.00758445,0.0329533,0.100566,0.0214306,0.027683,0.0474773
0.0259614,0.0175466,0.00291496,0.0292331,0.102601,0.0180589,0.025658,0.0497293
0.0158188,0.0190033,0.00732637,0.023584,0.0885885,0.0157925,0.0171986,0.045417
0.0197403,0.0109259,0.00662015,0.033053,0.0724439,0.0136595,0.014185,0.0409106
0.0172767,0.0108835,0.00623039,0.0241474,0.0694902,0.0098955,0.0117386,0.0403416
0.0204559,0.00771549,0.00459445,0.0322513,0.0590746,0.0131915,0.0103998,0.0349762
0.0170688,0.0059375,0.00490478,0.0303346,0.0593531,0.0117086,0.0145733,0.0371385
0.013144,0.010059,0.00840782,0.0237988,0.0471617,0.0171542,0.0150466,0.0370841
0.0163547,0.0118078,0.0143213,0.0360612,0.0568056,0.0178753,0.0264558,0.0252957
0.0166346,0.00980956,0.0174271,0.0355371,0.0607152,0.0269277,0.0246274,0.0373407
0.0145802,0.0143957,0.0141975,0.037616,0.0608069,0.0346486,0.0283497,0.0414172
0.0230161,0.0124759,0.0185395,0.0338334,0.0626404,0.0292632,0.0409082,0.0394844
0.0186037,0.0170781,0.0171176,0.0359299,0.0586749,0.0303183,0.0425274,0.0379057
0.0260316,0.0250788,0.0191478,0.0312728,0.0597159,0.0277453,0.0376534,0.0524919
0.0299508,0.0244679,0.0208397,0.0391852,0.0566421,0.026567,0.0386489,0.0440653
0.0327639,0.0236885,0.0226093,0.040468,0.0615926,0.0261787,0.0273499,0.046691
0.0203452,0.0269223,0.0147934,0.0188383,0.0167747,0.0144398,0.0260521,0.0290258
0.0232013,0.047937,0.0136456,0.0280506,0.0235962,0.0341257,0.0516964,0.0422795
0.018594,0.0408233,0.0216707,0.030675,0.0383132,0.0279502,0.0442949,0.0431991
0.0250077,0.0413008,0.0419072,0.0562247,0.0264725,0.0299599,0.0359417,0.0607926
0.0239058,0.0575827,0.0265106,0.0527174,0.0280316,0.0333106,0.0552412,0.0938098
0.0208055,0.0766844,0.044356,0.0422037,0.0355266,0.0356833,0.0857485,0.10043
0.0259608,0.0682702,0.0622339,0.0445882,0.0395784,0.0180648,0.0553772,0.0784959
0.023084,0.0559101,0.036314,0.0475018,0.02658,0.0192691,0.0598132,0.0662105
0.0243725,0.051428,0.036319,0.0423406,0.0293374,0.0160617,0.0767716,0.069524
0.0278227,0.060264,0.0418948,0.0481259,0.0248135,0.0294284,0.0848448,0.0611645
0.0240717,0.0403375,0.0403002,0.05076,0.0350033,0.0276267,0.0730281,0.0576041
0.0226878,0.0262795,0.0275332,0.0597563,0.0204601,0.0233334,0.0549452,0.033566
0.0167644,0.0266074,0.0253303,0.0337511,0.0265947,0.0170576,0.0639061,0.0286561
0.0441934,0.0278815,0.0304121,0.0354624,0.014645,0.00800133,0.0287965,0.0352558
0.0415195,0.0294893,0.0208596,0.0305296,0.00976867,0.00461671,0.02681,0.031798
0.0506412,0.0306029,0.0196616,0.0209734,0.0119972,0.00908678,0.024334,0.0154958
0.0267409,0.0212969,0.015023,0.0302118,0.00830376,0.00570023,0.0218381,0.0292291
0.0372522,0.0290124,0.029968,0.0259045,0.0105156,0.0037274,0.0394053,0.035025
0.0614133,0.0307375,0.0428305,0.0290283,0.00931752,0.00640787,0.0272873,0.0354173
0.0536087,0.0257175,0.0349438,0.0321808,0.0130437,0.00897943,0.0362531,0.0448516
0.0441113,0.0265125,0.0226793,0.0323463,0.0176463,0.012718,0.0337043,0.0498121
0.0621912,0.029517,0.025545,0.04093,0.0165876,0.00935335,0.0487508,0.0605162
0.0647121,0.0444373,0.031907,0.0425938,0.0145565,0.0209201,0.0674194,0.0834847
0.0715751,0.0370556,0.0251019,0.0484406,0.0199922,0.020606,0.0643603,0.0718897
0.0593671,0.0448648,0.0274236,0.0397307,0.0280942,0.0217494,0.0823527,0.072917
0.0577527,0.0276281,0.0403639,0.0610454,0.0252266,0.0346013,0.0832377,0.0507077
0.0523922,0.0283601,0.0250388,0.0585808,0.0322797,0.0462814,0.0766511,0.068148
0.0489381,0.0219552,0.0222328,0.0345356,0.043354,0.0467671,0.0643325,0.0547017
0.0625312,0.0151036,0.0242908,0.0303098,0.037534,0.0762672,0.0681534,0.0514527
0.0998619,0.0100435,0.0170434,0.0321042,0.0466246,0.113603,0.142529,0.0377065
0.085406,0.0230394,0.0278681,0.0487705,0.0923339,0.205133,0.24921,0.0621434
0.0929146,0.0204097,0.0343452,0.0527811,0.0979573,0.26094,0.313844,0.0811905
0.0854018,0.0292969,0.0308628,0.0864449,0.130246,0.320691,0.300374,0.110879
0.110118,0.0502238,0.0495716,0.118051,0.135077,0.456499,0.373444,0.151933
0.0550761,0.0900983,0.0505661,0.105138,0.207932,0.388676,0.420965,0.172592
0.0395056,0.0669939,0.0581182,0.1059,0.239071,0.413903,0.410257,0.128854
0.0517801,0.0719256,0.0478005,0.111931,0.226703,0.361301,0.527176,0.19925
0.0512399,0.128957,0.0485198,0.114892,0.314756,0.452558,0.402525,0.201196
0.0450047,0.0709004,0.0588617,0.0964746,0.251457,0.386272,0.481587,0.234771
0.0341025,0.090312,0.0475487,0.118239,0.274985,0.434714,0.504233,0.237358
0.0180134,0.0823514,0.0242814,0.127345,0.281435,0.457143,0.451709,0.253246
0.0369208,0.0452066,0.0290507,0.129143,0.38618,0.500243,0.421367,0.220343
0.0222206,0.0380666,0.0322958,0.14502,0.328037,0.556417,0.514068,0.216794
0.0461935,0.0528761,0.0249599,0.123873,0.347185,0.47955,0.503023,0.24076
0.039041,0.0599794,0.0325273,0.105748,0.31527,0.390418,0.395902,0.217578
0.0420435,0.0589373,0.0322397,0.0883551,0.304062,0.399721,0.440674,0.217362
0.0276949,0.0551334,0.0280005,0.0977848,0.307141,0.258549,0.325098,0.225826
0.0319445,0.0717069,0.0204287,0.0665708,0.248562,0.233986,0.231926,0.190277
0.0198134,0.047432,0.0177284,0.0618779,0.156981,0.2491,0.244758,0.143869
0.0242036,0.0974747,0.0238549,0.0489943,0.125628,0.170695,0.20912,0.133596
0.0175065,0.178229,0.0353382,0.0519442,0.191901,0.342348,0.35523,0.171085
0.0195699,0.112607,0.0553007,0.0489748,0.170842,0.303306,0.442716,0.221283
0.0195625,0.0997876,0.0291189,0.0459789,0.12554,0.228765,0.234975,0.0935736
0.00985232,0.0902393,0.0250652,0.0431392,0.149773,0.18399,0.26318,0.0693145
0.0188464,0.0532506,0.0142317,0.0307999,0.123262,0.14656,0.255475,0.0383594
0.00917954,0.0315598,0.0188849,0.0185243,0.0962067,0.209906,0.16407,0.0286023
0.0134016,0.0280966,0.0159229,0.0253776,0.0845278,0.151148,0.136131,0.0378616
0.0119999,0.0239883,0.0103216,0.0113091,0.103233,0.083259,0.076806,0.0438182
0.00983333,0.0190523,0.0174086,0.028418,0.0795647,0.164419,0.139163,0.0311528
0.00718655,0.0236498,0.00680128,0.0179497,0.0916416,0.0385737,0.106725,0.0750622
0.0150822,0.0288658,0.00907137,0.017129,0.039477,0.0321105,0.117929,0.0302759
0.016897,0.0198113,0.0203599,0.0198867,0.0290359,0.0594405,0.141778,0.0563781
0.0152651,0.0215759,0.0157757,0.0368178,0.0516022,0.0341149,0.139084,0.0368001
0.0170062,0.0168438,0.0152571,0.0191845,0.0393734,0.0210016,0.153802,0.0444694
0.0176567,0.0297532,0.0282561,0.0359437,0.0306327,0.00913422,0.101638,0.0662344
0.0197457,0.00896821,0.0184192,0.0133065,0.028865,0.0149634,0.103721,0.0402431
0.0179684,0.0281944,0.0300796,0.0198101,0.0198453,0.0108802,0.0425132,0.0393189
0.0257592,0.0401872,0.0269931,0.0151832,0.00395289,0.0101212,0.0502113,0.0905545
0.0214674,0.0504553,0.0107393,0.0134706,0.00870684,0.00679706,0.0361903,0.034728
0.0161969,0.0460377,0.0146402,0.0136445,0.0125129,0.00879688,0.0481073,0.0270906
0.0232475,0.0432104,0.0145609,0.0106464,0.00542053,0.00407711,0.0390875,0.0289634
0.0417171,0.044943,0.0119655,0.0141013,0.00756331,0.0105054,0.015903,0.0328227
0.030367,0.0651273,0.0149108,0.0229788,0.00891769,0.00642958,0.0224081,0.0371811
0.0239163,0.0792994,0.0217422,0.0310087,0.00508041,0.00604127,0.0236825,0.0349701
0.0374732,0.0787284,0.0265227,0.0177851,0.0068403,0.00404688,0.0150931,0.0440892
0.0522985,0.0761714,0.030906,0.0274777,0.00731292,0.00580134,0.0174749,0.0714839
0.0957219,0.0687559,0.0462809,0.037388,0.0106274,0.00779081,0.0210411,0.0415696
0.0631703,0.102455,0.093753,0.0645281,0.00850408,0.00598686,0.0270126,0.062535
0.0801805,0.100466,0.0789499,0.0537115,0.0122499,0.00418985,0.0212513,0.0599952
0.0694057,0.0863101,0.0810133,0.0337342,0.0125432,0.00418858,0.0219609,0.0675174
0.0822959,0.117889,0.0865523,0.0427137,0.0121232,0.00503263,0.0291171,0.0550688
0.0991604,0.236376,0.119048,0.0324931,0.0193171,0.0146453,0.0204558,0.0523962
0.098796,0.28072,0.0957345,0.0426112,0.0134936,0.0116105,0.0213892,0.105357
0.120196,0.264792,0.0885301,0.0637659,0.0183287,0.0111026,0.0313481,0.104706
0.125936,0.307245,0.1302,0.055363,0.0416102,0.00658855,0.0337646,0.105966
0.162,0.267003,0.105639,0.059508,0.0534556,0.0145762,0.0431681,0.157596
0.196667,0.299822,0.158087,0.0383343,0.0262516,0.00770908,0.0267817,0.128622
0.162105,0.384747,0.230149,0.063788,0.0329322,0.019261,0.0729746,0.258771
0.149904,0.310566,0.144386,0.0774116,0.0346867,0.0490138,0.0715653,0.131161
0.263557,0.462183,0.301623,0.0686879,0.0384653,0.0456878,0.113357,0.274385
0.247503,0.24048,0.27546,0.0894951,0.0489781,0.0454582,0.0884996,0.298042
0.297712,0.318538,0.258442,0.104508,0.037951,0.0447675,0.0805794,0.218352
0.24215,0.625215,0.317132,0.0685403,0.0752595,0.0869042,0.0955147,0.304651
0.350898,0.625597,0.517064,0.0990831,0.0609434,0.104075,0.0857143,0.332783
0.314534,0.620498,0.358611,0.0837823,0.0648313,0.0742991,0.147968,0.479419
0.295667,0.729127,0.275837,0.0795084,0.0512369,0.158654,0.0834079,0.479643
0.381023,0.708846,0.367614,0.0926943,0.0497784,0.0978973,0.14773,0.564199
0.244055,0.558263,0.324873,0.0863884,0.039736,0.102791,0.112016,0.424156
0.203873,0.600279,0.269326,0.118837,0.0651736,0.0682477,0.157903,0.429434
0.276971,0.469324,0.304449,0.192449,0.0855186,0.105051,0.140126,0.477648
0.150685,0.646047,0.340948,0.21814,0.224919,0.301865,0.227901,0.505113
0.155337,0.409495,0.352836,0.195773,0.207293,0.217454,0.225691,0.51764
0.163607,0.375998,0.231065,0.124002,0.125587,0.167375,0.143407,0.476154
0.17311,0.489193,0.418699,0.194027,0.16258,0.217648,0.189873,0.449673
0.217825,0.401086,0.416654,0.153438,0.121096,0.178431,0.157373,0.467598
0.160501,0.460458,0.372576,0.152023,0.12086,0.126763,0.085089,0.432376
0.158472,0.533972,0.438412,0.196469,0.115379,0.169959,0.168297,0.477899
0.228154,0.599444,0.553971,0.212128,0.234922,0.233943,0.154626,0.511512
0.119937,0.509787,0.634163,0.169843,0.168918,0.21658,0.104192,0.377692
0.105988,0.460246,0.450459,0.139754,0.172713,0.219373,0.0828735,0.352024
0.138543,0.47117,0.377004,0.0875165,0.139619,0.300977,0.132368,0.407573
0.108065,0.576603,0.328634,0.178972,0.235125,0.237971,0.13857,0.38362
0.0901307,0.478397,0.359882,0.194003,0.148156,0.181909,0.138633,0.337799
0.122502,0.489578,0.434697,0.17312,0.162908,0.108693,0.136633,0.303487
0.159773,0.382173,0.322295,0.27608,0.232766,0.0990199,0.111836,0.268371
0.130379,0.552074,0.263749,0.187574,0.183929,0.109938,0.229829,0.472964
0.222501,0.379964,0.401571,0.294784,0.215381,0.17787,0.200322,0.418899
0.281847,0.533615,0.245692,0.218706,0.18807,0.177346,0.294581,0.430641
0.182059,0.355171,0.263647,0.209708,0.215765,0.193583,0.421319,0.298839
0.207574,0.451652,0.309273,0.260258,0.333684,0.222246,0.340273,0.383203
0.233426,0.434854,0.33635,0.287821,0.309676,0.198283,0.391358,0.468398
0.256382,0.368244,0.350769,0.33739,0.263996,0.286028,0.120203,0.406033
0.154489,0.320411,0.276485,0.315259,0.211864,0.20681,0.185899,0.433896
0.124395,0.354388,0.236173,0.299632,0.27115,0.313823,0.186107,0.481263
0.150598,0.183781,0.213271,0.209086,0.222852,0.199129,0.0795997,0.37187
0.198886,0.139605,0.157733,0.17875,0.173326,0.166602,0.085199,0.417724
0.163239,0.127105,0.116093,0.102207,0.119832,0.129189,0.121866,0.353844
0.121277,0.0906446,0.141051,0.210196,0.153058,0.0997165,0.0823278,0.315229
0.20224,0.0882881,0.0654771,0.131315,0.11939,0.127148,0.0941296,0.166466
0.231921,0.110128,0.0723609,0.0942636,0.146185,0.177388,0.120633,0.187573
0.151852,0.094049,0.0617762,0.0819633,0.1296,0.252317,0.138608,0.133119
0.162584,0.0870555,0.0313699,0.103456,0.187976,0.210176,0.12743,0.163477
0.194852,0.0853281,0.0440876,0.0581881,0.223012,0.207988,0.17917,0.167613
0.189547,0.0377892,0.0345547,0.0906099,0.205849,0.229598,0.181358,0.265008
0.0769337,0.0337803,0.0342016,0.0904693,0.210503,0.268697,0.279412,0.23255
0.109127,0.0433387,0.0230663,0.0861206,0.276732,0.24441,0.244416,0.22261
0.0569443,0.03623,0.0322755,0.0731369,0.319663,0.255287,0.242968,0.230252
0.028761,0.0240111,0.0473219,0.119542,0.186664,0.265339,0.412941,0.274394
0.0286238,0.0335377,0.0274027,0.0822074,0.241884,0.134037,0.223742,0.189544
0.0411891,0.0373944,0.0308573,0.0959171,0.226288,0.182952,0.26585,0.140719
0.0529494,0.0165073,0.0411916,0.100758,0.223591,0.128264,0.244276,0.121868
0.0214014,0.0482564,0.0513712,0.0807859,0.11246,0.161971,0.285654,0.109636
0.0355944,0.0366896,0.0310561,0.0646656,0.177175,0.0731086,0.19321,0.0946246
0.036814,0.0209159,0.0365316,0.0663548,0.169748,0.0968115,0.185184,0.0873431
0.049472,0.0226805,0.0180769,0.0592642,0.152358,0.128521,0.171075,0.0938386
0.0441108,0.0200689,0.0267223,0.0705796,0.120026,0.110087,0.165182,0.0731476
0.0624725,0.0260915,0.0245894,0.0659299,0.110189,0.134987,0.133827,0.0962219
0.0438029,0.015036,0.0138465,0.0388052,0.0923008,0.0898018,0.0953518,0.0921035
0.0447027,0.0271837,0.0110516,0.032934,0.0642652,0.0412124,0.0964761,0.102178
0.0357693,0.0433923,0.00897185,0.0533199,0.0582412,0.0841269,0.0639418,0.087021
0.0483204,0.0767566,0.156934,0.191558,0.177114,0.31689,0.334403,0.471154
0.0614207,0.0448788,0.13613,0.217348,0.266762,0.395405,0.383899,0.413932
0.0643871,0.0551391,0.109248,0.264081,0.281906,0.411465,0.417675,0.242049
0.0771341,0.0406451,0.0594299,0.28157,0.210134,0.475457,0.393782,0.234768
0.0813984,0.02701,0.0274489,0.175302,0.210495,0.295232,0.317566,0.383863
0.10701,0.0356005,0.052525,0.192651,0.174065,0.471326,0.406747,0.353657
0.0633569,0.0281361,0.0437282,0.136133,0.223211,0.463705,0.298514,0.286726
0.0349455,0.0169749,0.0243725,0.0854609,0.195758,0.344077,0.334182,0.198899
0.068944,0.0196618,0.0347707,0.0703484,0.242724,0.349251,0.30823,0.222362
0.0306354,0.0124412,0.0206267,0.0368198,0.286977,0.296508,0.333499,0.139826
0.0281249,0.0160661,0.0144508,0.077139,0.205575,0.260316,0.258192,0.203739
0.038475,0.0172885,0.0231453,0.0313682,0.167796,0.219085,0.254702,0.241158
0.0325249,0.024249,0.0135983,0.0334786,0.124523,0.214267,0.177124,0.196734
0.0214334,0.00772081,0.00694696,0.0399286,0.119497,0.20755,0.12537,0.169689
0.0282618,0.0173238,0.0136038,0.047811,0.0844407,0.341006,0.115459,0.151507
0.0298682,0.00513607,0.0126554,0.0331481,0.14463,0.217315,0.169726,0.119837
0.0495159,0.0197954,0.00609088,0.0285242,0.107081,0.212261,0.132292,0.124666
0.0413438,0.0159555,0.00734033,0.0442263,0.129712,0.190527,0.171427,0.186232
0.0427785,0.0205217,0.00475509,0.0398626,0.128366,0.219019,0.0998234,0.127049
0.0801172,0.0190995,0.00699006,0.0279009,0.0775583,0.132174,0.0861339,0.0857304
0.101579,0.0450634,0.00481194,0.0330756,0.0829962,0.120222,0.0723713,0.0972826
0.0488774,0.0387447,0.0040432,0.0229233,0.0812476,0.102938,0.0472661,0.0714035
0.0468777,0.0397241,0.00444064,0.0258955,0.0489384,0.0759251,0.0856324,0.0840318
0.0312918,0.0364655,0.00793292,0.0166507,0.0389697,0.0503697,0.0325806,0.070032
0.0703283,0.0473965,0.00543369,0.0323161,0.0629797,0.0550455,0.039179,0.129987
0.0421546,0.0447373,0.00958826,0.0154168,0.0629455,0.0515668,0.0519328,0.0950543
0.0332302,0.0319657,0.00492078,0.0160965,0.0420201,0.0488717,0.0332673,0.0674673
0.021074,0.0195794,0.00628488,0.0166139,0.0291073,0.0204769,0.0245973,0.0362694
0.0232523,0.0139052,0.00456449,0.0133536,0.0252591,0.0133393,0.0153921,0.0350557
0.00872278,0.0128434,0.00344274,0.0136639,0.0337055,0.00823065,0.0125927,0.0579627
0.00726632,0.0112514,0.00259937,0.00956633,0.0197214,0.00575949,0.00833361,0.0433349
0.0115475,0.0142543,0.00305297,0.0134976,0.0311463,0.00462929,0.00387642,0.0554603
0.00463342,0.0149609,0.00707548,0.0135772,0.0282969,0.00612105,0.003434,0.0460099
0.00671672,0.0178133,0.00336741,0.00839139,0.0155425,0.00536159,0.0110425,0.0349004
0.0121467,0.0130964,0.00357993,0.0101387,0.0116388,0.00284065,0.00394418,0.0313318
0.00914746,0.0185904,0.00150457,0.00665826,0.0136564,0.00189993,0.0021883,0.0250653
0.00630933,0.00885439,0.00352631,0.00419007,0.00842099,0.00225496,0.00105785,0.0260735
0.00398107,0.00294321,0.00170017,0.00436664,0.0086548,0.00151086,0.00271214,0.0101775
0.00306268,0.0108743,0.00351282,0.00462884,0.00647305,0.00100373,0.00247185,0.0123124
0.00612978,0.00264307,0.00241093,0.00500337,0.00433104,0.000824231,0.00266714,0.010307
0.0044737,0.00339021,0.0046237,0.00847024,0.00500089,0.000703193,0.00192558,0.011729
0.00294935,0.0057139,0.00789227,0.00825707,0.00299084,0.00207313,0.00348824,0.0171546
0.00585456,0.00764299,0.0117984,0.0112808,0.00231153,0.00108203,0.00726446,0.00974538
0.0029097,0.00282506,0.0057812,0.0068781,0.00453617,0.00145117,0.00419017,0.0114276
0.0103695,0.0106997,0.00625387,0.00859533,0.00417847,0.00531383,0.00986379,0.022432
0.00967356,0.0120205,0.014756,0.00778979,0.00639392,0.00498043,0.0130192,0.0140731
0.00566526,0.0121968,0.0140223,0.00897422,0.00513117,0.00315062,0.0228238,0.0154305
0.0129275,0.0190764,0.0258578,0.0138846,0.00500239,0.00298765,0.015423,0.0206185
0.0217636,0.0240936,0.0332919,0.0326566,0.0034424,0.0049128,0.0328944,0.0182825
0.00916117,0.0246124,0.0200825,0.0168039,0.00500717,0.00304777,0.0105794,0.0130868
0.0091889,0.0328871,0.00791415,0.00437832,0.00812845,0.00342999,0.00693477,0.0381515
0.00960513,0.0574345,0.0109994,0.0096686,0.0075154,0.00438763,0.00940861,0.048426
0.0155272,0.0541671,0.0243168,0.0111763,0.00670746,0.00445099,0.00895558,0.0469192
0.0119145,0.0829278,0.034598,0.0135274,0.00761284,0.00282279,0.00585003,0.0360896
0.016838,0.108062,0.0439104,0.0188791,0.006786,0.00406629,0.00706379,0.0480387
0.00950469,0.0705491,0.0378066,0.0206829,0.00816549,0.00308157,0.0127915,0.0703547
0.0167116,0.09962,0.0575187,0.0241264,0.0113346,0.00333806,0.0121232,0.0593774
0.0135507,0.0801727,0.0519013,0.0206793,0.00826134,0.00544538,0.0105647,0.0622763
0.0072653,0.077807,0.0357017,0.0282255,0.00528926,0.00210003,0.00828204,0.0797386
0.0132662,0.0521833,0.0294737,0.02506,0.00669221,0.00426459,0.00678566,0.0586791
0.013057,0.0394481,0.0249315,0.0285811,0.00859751,0.00297074,0.00830192,0.0273104
0.0126778,0.0325425,0.0207611,0.0232913,0.00873384,0.00236148,0.00848418,0.038092
0.00595151,0.0289679,0.0208431,0.0138398,0.00689987,0.00251644,0.00545601,0.0273435
0.0340376,0.0396066,0.0292811,0.0213501,0.00843959,0.00175408,0.0117275,0.0555348
0.0256666,0.0355657,0.0261347,0.0220844,0.00898749,0.000531304,0.00774632,0.0574988
0.0299487,0.0397197,0.0289578,0.0145289,0.00699544,0.00196942,0.0175527,0.0557199
0.0367238,0.0502012,0.0365936,0.0187606,0.00572927,0.00139867,0.0125863,0.0444764
0.0632905,0.0415292,0.0305583,0.0169787,0.00561978,0.0012156,0.0119781,0.0708405
0.0567646,0.027618,0.0301256,0.0263421,0.00323419,0.0033727,0.0142174,0.057249
0.0720322,0.0477509,0.0446518,0.0295656,0.00879809,0.00447773,0.0187667,0.0953214
0.053425,0.0359236,0.0415746,0.0317097,0.00487367,0.00558331,0.0165653,0.124927
0.109914,0.0341055,0.0341337,0.0389477,0.00963879,0.00395432,0.0180149,0.151854
0.064242,0.0379507,0.032185,0.0504195,0.00404164,0.00434005,0.0117349,0.172355
0.0797407,0.032381,0.0394858,0.0592729,0.00631167,0.00449474,0.0176944,0.122046
0.0472649,0.0404604,0.0340264,0.0565126,0.00571128,0.00446272,0.0202883,0.123217
0.0574653,0.0389229,0.039016,0.0632672,0.00851636,0.00577905,0.0144745,0.110379
0.0475438,0.0208667,0.0289523,0.0582034,0.00836775,0.00550452,0.0139738,0.0941838
0.0465903,0.029737,0.0374122,0.0394552,0.00864249,0.006541,0.0171607,0.056435
0.101082,0.0230799,0.0403106,0.0403468,0.00830311,0.0133011,0.0270821,0.0302535
0.174049,0.0146175,0.0228435,0.0202132,0.0125113,0.0285472,0.0745081,0.0452225
0.181956,0.0119461,0.0163764,0.031976,0.0258539,0.072899,0.105845,0.0682706
0.153276,0.0156907,0.0151243,0.0354341,0.030087,0.109963,0.146331,0.036584
0.174385,0.0280676,0.0201915,0.051285,0.051913,0.161331,0.229775,0.0707096
0.170838,0.0324706,0.0304537,0.0764438,0.100841,0.219258,0.210629,0.130571
0.084574,0.0556165,0.0345053,0.106396,0.107171,0.182368,0.335189,0.181823
0.0754602,0.0440264,0.0472889,0.0658501,0.131298,0.223166,0.266723,0.218776
0.0479633,0.0404834,0.0297866,0.0652131,0.158519,0.200317,0.253087,0.192893
0.0627388,0.0609794,0.0287159,0.0750226,0.205505,0.202973,0.234602,0.236326
0.0337714,0.0360062,0.0322768,0.0827306,0.121607,0.209954,0.315847,0.13886
0.0285331,0.0417353,0.0303213,0.10006,0.173015,0.266347,0.275713,0.150464
0.0323833,0.0451077,0.0328369,0.0973465,0.176513,0.260153,0.231015,0.139693
0.0462124,0.0672668,0.0507983,0.0928736,0.142938,0.346659,0.296057,0.125179
0.0409856,0.0395545,0.0366035,0.121367,0.241128,0.329808,0.283333,0.183772
0.0366978,0.0656486,0.0306221,0.110952,0.253054,0.361168,0.329563,0.170483
0.0294357,0.053742,0.0373205,0.0721153,0.248069,0.227369,0.258197,0.172298
0.0301251,0.071178,0.0369078,0.114823,0.203902,0.277607,0.241603,0.213365
0.0203466,0.0439362,0.0266788,0.0677858,0.198707,0.170343,0.166249,0.181471
0.0216601,0.0335881,0.0120598,0.0867171,0.155017,0.141234,0.204747,0.223003
0.0193753,0.0411544,0.0181103,0.0519698,0.101473,0.122216,0.1421,0.234929
0.033125,0.0807068,0.0137851,0.0635839,0.0971229,0.136707,0.144028,0.15408
0.113592,0.363909,0.0666117,0.0832523,0.135741,0.227377,0.225961,0.449626
0.153926,0.313019,0.172447,0.103703,0.113658,0.140731,0.206324,0.375296
0.154834,0.234894,0.0872853,0.0681588,0.0995843,0.146837,0.177725,0.405861
0.135082,0.350456,0.127413,0.0735096,0.100954,0.155448,0.17645,0.30589
0.180365,0.269759,0.104888,0.0709911,0.131261,0.122409,0.106965,0.316524
0.150552,0.296509,0.148685,0.0574537,0.157898,0.193887,0.0824565,0.311332
0.20476,0.294242,0.151038,0.0908218,0.145262,0.201058,0.126783,0.311276
0.154231,0.26389,0.104505,0.0792496,0.186304,0.234529,0.130633,0.310495
0.147264,0.200856,0.163621,0.0668418,0.111997,0.243639,0.130123,0.443895
0.128358,0.260219,0.104032,0.075595,0.154167,0.169507,0.0933296,0.434403
0.166008,0.219486,0.107813,0.0564622,0.0952956,0.119951,0.132962,0.323148
0.13878,0.332877,0.142501,0.0970919,0.160362,0.143559,0.161453,0.535613
0.156262,0.265271,0.117276,0.163087,0.120531,0.164773,0.164196,0.489107
0.179327,0.290059,0.184019,0.163647,0.183351,0.174243,0.267894,0.533851
0.188125,0.213799,0.167291,0.200561,0.152488,0.136196,0.151038,0.628245
0.162922,0.320956,0.1657,0.132145,0.159366,0.137093,0.269568,0.588725
0.250484,0.258468,0.16948,0.139157,0.186611,0.159498,0.187611,0.545239
0.285235,0.253188,0.134684,0.114173,0.106659,0.168911,0.251903,0.574139
0.200633,0.179175,0.136768,0.144512,0.153098,0.145576,0.246143,0.440582
0.208621,0.248261,0.131,0.113057,0.195248,0.161204,0.232997,0.526972
0.191074,0.201044,0.135891,0.148198,0.146616,0.170812,0.15278,0.452747
0.337251,0.129851,0.158431,0.134066,0.118266,0.156355,0.0829943,0.470473
0.240393,0.232229,0.138864,0.210257,0.148843,0.112082,0.121663,0.463619
0.227941,0.211095,0.178847,0.262898,0.113111,0.15817,0.162446,0.543967
0.263578,0.335062,0.180355,0.145109,0.110371,0.121801,0.130351,0.559935
0.330642,0.249657,0.137111,0.130791,0.197097,0.143203,0.183347,0.60419
0.326925,0.21259,0.178703,0.176706,0.107935,0.0853281,0.147174,0.667049
0.335534,0.27838,0.194569,0.192325,0.0966399,0.0810554,0.146007,0.553354
0.449432,0.310154,0.187756,0.177859,0.100176,0.0754509,0.115239,0.414515
0.456472,0.285691,0.19421,0.128842,0.112184,0.0807012,0.211499,0.432857
0.386318,0.159224,0.142197,0.158447,0.112622,0.149854,0.127042,0.431187
0.349763,0.223648,0.114908,0.11854,0.159064,0.124159,0.159491,0.360564
0.357893,0.219484,0.189289,0.0645049,0.131319,0.169561,0.168569,0.434299
0.322799,0.14774,0.128517,0.148488,0.183373,0.215851,0.113503,0.407545
0.312594,0.181713,0.173908,0.138167,0.196611,0.165024,0.17611,0.453017
0.313041,0.215609,0.1605,0.122025,0.175909,0.146171,0.192073,0.537487
0.229758,0.125197,0.159966,0.115045,0.233087,0.13089,0.127506,0.459102
0.21418,0.149652,0.187365,0.202136,0.164695,0.159174,0.221617,0.485361
0.175181,0.149597,0.160339,0.209485,0.214287,0.175698,0.275422,0.360418
0.188465,0.211266,0.171625,0.196769,0.310845,0.203942,0.292067,0.345478
0.279518,0.129333,0.230839,0.254573,0.21946,0.194199,0.146267,0.309627
0.24507,0.293948,0.286509,0.164493,0.198982,0.241282,0.175662,0.272323
0.216259,0.221846,0.244701,0.206049,0.241712,0.193177,0.17295,0.273472
0.186944,0.179631,0.329982,0.223225,0.259695,0.146454,0.169996,0.296791
0.15158,0.175983,0.161105,0.190713,0.282136,0.181707,0.150483,0.308137
0.196088,0.187871,0.172929,0.308882,0.147121,0.267928,0.139957,0.269576
0.192448,0.141113,0.187223,0.194841,0.179934,0.21121,0.122672,0.253937
0.196582,0.0817634,0.105978,0.217162,0.147369,0.195572,0.176941,0.375009
0.126156,0.0878669,0.115654,0.163285,0.159112,0.131791,0.148222,0.438311
0.195598,0.106069,0.108582,0.232214,0.212354,0.235398,0.147168,0.345479
0.0422175,0.0818063,0.0860453,0.11103,0.0749128,0.100282,0.150964,0.206213
0.0449691,0.0641453,0.0658744,0.100625,0.0974414,0.137302,0.15893,0.169622
0.0357558,0.0674369,0.0575082,0.105602,0.112704,0.113649,0.131843,0.113989
0.0354434,0.0445827,0.0429428,0.0840065,0.0762445,0.111793,0.131449,0.102581
0.038508,0.0353803,0.0332655,0.044516,0.0730492,0.0862457,0.0876359,0.113157
0.0480741,0.0364286,0.0304954,0.0494258,0.0710206,0.0976796,0.0994941,0.0834778
0.0399041,0.0272218,0.0268569,0.0368985,0.0568255,0.0446117,0.0494675,0.0719154
0.0318121,0.0220167,0.0209846,0.0330084,0.0526751,0.0503695,0.04948,0.0465018
0.0307348,0.019808,0.0185739,0.0237341,0.0579934,0.0372999,0.0538769,0.0408134
0.0147273,0.0101582,0.0176785,0.0252251,0.0570132,0.0307648,0.0417087,0.0328315
0.0183191,0.013106,0.0142856,0.0240021,0.0415806,0.0233965,0.0422527,0.0404123
0.0147849,0.0115529,0.0171851,0.017707,0.0389878,0.0141194,0.0243466,0.0367883
0.013465,0.0134639,0.0155918,0.0218989,0.0423821,0.0159945,0.0237464,0.0374608
0.00856264,0.0149211,0.011113,0.0179486,0.0372631,0.00887171,0.0161622,0.0198244
0.0108093,0.0121896,0.0102065,0.0182193,0.0226501,0.0157165,0.0142869,0.0185646
0.0135829,0.00866651,0.0100999,0.0210003,0.0291943,0.0167729,0.0204115,0.0227986
0.0212058,0.0194372,0.00489172,0.0241687,0.0217507,0.0174376,0.0222631,0.0275796
0.0221943,0.0210746,0.00597422,0.0184147,0.0202889,0.0153721,0.0238743,0.0265913
0.0268139,0.0186441,0.00659131,0.0228668,0.0236903,0.022228,0.0182662,0.0309481
0.0291264,0.0217175,0.0053763,0.0121799,0.0215076,0.0166116,0.0190135,0.021608
0.0337389,0.03335,0.00483165,0.0258164,0.0259377,0.0143878,0.0180995,0.018164
0.0384841,0.0252735,0.00253217,0.0214549,0.0220921,0.0188535,0.0164977,0.0186412
0.0360834,0.0224051,0.00608871,0.0264095,0.0363543,0.0118302,0.0200729,0.0197246
0.0423928,0.0305825,0.0038137,0.0272385,0.0299934,0.017909,0.0140332,0.0356502
0.0579209,0.0334015,0.00759957,0.0372388,0.0336841,0.0108838,0.0113938,0.0371257
0.0537997,0.0311794,0.00728272,0.031049,0.0533482,0.0138928,0.0242651,0.0546484
0.039811,0.0341983,0.00743434,0.0243705,0.0366672,0.0128114,0.0343956,0.0461101
0.0288608,0.0248556,0.00721909,0.0253544,0.0424508,0.0100347,0.0205671,0.0387685
0.0264509,0.0116856,0.00341494,0.0231637,0.0407167,0.00974074,0.0227593,0.039469
0.0186343,0.0095452,0.00415314,0.0276476,0.0529297,0.00867686,0.0222235,0.0329105
0.0172736,0.0107599,0.00574161,0.0213922,0.0414965,0.00642418,0.0201962,0.0255746
0.0206092,0.0104044,0.00401277,0.0225083,0.0602343,0.00668784,0.016677,0.0298604
0.0133641,0.0082262,0.0050823,0.0201258,0.0601299,0.00877592,0.0163647,0.0356592
0.0151893,0.0139537,0.00252734,0.0207726,0.0473329,0.00811817,0.0149728,0.0302853
0.0228191,0.00910864,0.00397404,0.0169955,0.0439765,0.00851655,0.0121532,0.0279226
0.0227298,0.0102253,0.00120194,0.0196434,0.0411292,0.00904453,0.0153882,0.032414
0.0145778,0.00836532,0.00452659,0.0125373,0.0390968,0.00839323,0.0102006,0.0381073
0.018181,0.00451676,0.00242814,0.0168687,0.0315799,0.00617425,0.00645546,0.0316715
0.0190563,0.012006,0.00337995,0.0151862,0.0283332,0.00290294,0.00654788,0.0369749
0.0242692,0.0043716,0.0018016,0.0161151,0.0174859,0.00402267,0.0069868,0.0296662
0.0182986,0.00361123,0.00289591,0.0175609,0.0267236,0.00339921,0.00661572,0.0271211
0.0163202,0.00879806,0.00436956,0.0147511,0.0165113,0.00674818,0.00870711,0.023554
0.0221925,0.0123655,0.00755795,0.0178782,0.0167492,0.00543413,0.0115229,0.0174978
0.0153557,0.00584428,0.00864182,0.014621,0.0239768,0.00690509,0.00966618,0.0219375
0.0227881,0.0123743,0.00888925,0.017503,0.0229783,0.0147855,0.0141787,0.0289131
0.0279246,0.0129892,0.0154192,0.0161973,0.0255235,0.0107679,0.0197587,0.0318961
0.0263177,0.0154715,0.0105497,0.0190856,0.0234006,0.0130543,0.0214739,0.0296621
0.0339947,0.0228039,0.0146372,0.0180658,0.0245335,0.0106642,0.0169676,0.0434993
0.0388006,0.0301238,0.0134396,0.029919,0.0198568,0.0110839,0.0238824,0.0395645
0.0402176,0.0340141,0.0143945,0.0235923,0.0240926,0.01487,0.0192429,0.0486286
0.0276062,0.0121179,0.0169602,0.0341796,0.0231092,0.0116058,0.0253725,0.0422653
0.0206011,0.014348,0.00990336,0.0304523,0.0369673,0.0158113,0.0241082,0.0356497
0.0224252,0.0182322,0.0132441,0.0300696,0.0392402,0.0171382,0.0291234,0.0384019
0.020876,0.0129029,0.0113332,0.025893,0.0322809,0.0148951,0.024902,0.0314607
0.0194661,0.00982655,0.00919173,0.0235813,0.0265924,0.0199925,0.0242835,0.0298007
0.0236449,0.0112629,0.00820313,0.0242464,0.0349068,0.0154689,0.0290565,0.027434
0.0168569,0.00735413,0.0086572,0.0156662,0.0361975,0.00945056,0.0161836,0.0353203
0.0181706,0.00669703,0.00561796,0.0210749,0.028952,0.0110315,0.0192101,0.0244545
0.0195939,0.00560145,0.00421591,0.0150158,0.0326974,0.00656341,0.0185857,0.0250142
0.0131915,0.00304483,0.00617173,0.0210913,0.0230311,0.00752253,0.0188133,0.0204095
0.0135866,0.00273342,0.00551589,0.0201217,0.0289407,0.00610317,0.018471,0.0238336
0.00549492,0.00312257,0.00411935,0.0179169,0.0269644,0.00290152,0.00930166,0.0245773
0.00830406,0.0052503,0.0085702,0.0138954,0.0272027,0.00527106,0.014066,0.0194035
0.00627002,0.00617686,0.0059305,0.0141794,0.0253951,0.0039368,0.00634678,0.0131954
0.00711156,0.0045351,0.00370155,0.00930241,0.0166935,0.00388447,0.00827998,0.0116105
0.00989491,0.00345689,0.00397435,0.0166786,0.0167978,0.00804723,0.00773788,0.015717
0.011056,0.00784674,0.00280992,0.0128258,0.00954169,0.00577139,0.0105634,0.0153784
0.0108844,0.00726004,0.0036131,0.0106056,0.0117744,0.00535814,0.00702883,0.011283
0.0186328,0.00767073,0.00362996,0.0144966,0.00819079,0.00935914,0.00611819,0.0212367
0.0146043,0.0122722,0.00362619,0.014329,0.013003,0.00641867,0.00648177,0.0189683
0.0135411,0.0145961,0.00198662,0.0152509,0.0152215,0.00518643,0.0101994,0.0184833
0.0160958,0.0144356,0.00119943,0.0172046,0.013392,0.00460433,0.015298,0.0210828
0.0217009,0.00978758,0.00441217,0.0164839,0.0219223,0.00415004,0.0100689,0.0190543
0.0261948,0.00961626,0.00229526,0.0181276,0.0161526,0.00845389,0.0109028,0.0336678
0.0234873,0.0154133,0.00522008,0.0190511,0.0231192,0.00606519,0.0077898,0.0285666
0.0273607,0.0172898,0.00566367,0.02893,0.0267035,0.00620673,0.0160577,0.0308525
0.0192554,0.0182989,0.00598051,0.0228395,0.0287644,0.00534112,0.0248216,0.0343756
0.0281324,0.013655,0.00549978,0.0218399,0.0334797,0.00775523,0.0182353,0.0268079
0.0181973,0.00835886,0.00260435,0.0213524,0.0380326,0.00738085,0.0317135,0.0272912
0.0211699,0.00819271,0.0035923,0.0309564,0.0370211,0.00913242,0.0224951,0.0269768
0.020743,0.0109375,0.00625197,0.0263569,0.0318879,0.00569992,0.0229489,0.0265974
0.0194364,0.00883744,0.00310968,0.0262351,0.031641,0.00656373,0.0244491,0.0327278
0.0158822,0.00645515,0.00303228,0.0310173,0.0404768,0.00682594,0.0223856,0.0254636
0.0190229,0.0113878,0.00311521,0.0289875,0.0398967,0.00679876,0.0157705,0.0290656
0.0220196,0.0110977,0.00394945,0.0260371,0.036084,0.00641529,0.0170822,0.0290914
0.022022,0.00917338,0.00163612,0.0288899,0.0300438,0.00680919,0.0207515,0.0259815
0.013899,0.00979077,0.00391689,0.024299,0.0318369,0.00734209,0.0113655,0.0241564
0.0251391,0.00636108,0.00260773,0.0200508,0.0342461,0.00765176,0.00602104,0.0275037
0.0245697,0.00634573,0.00315576,0.0234024,0.0296861,0.00432275,0.00473962,0.0321285
0.0228349,0.00438071,0.00160692,0.0213231,0.0251684,0.00511364,0.00457487,0.033688
0.0180115,0.00463346,0.0019885,0.0211914,0.0257024,0.00437905,0.00714398,0.0209671
0.0161598,0.00744251,0.00340282,0.0208402,0.0247079,0.00698452,0.00894324,0.0292984
0.0221926,0.0104452,0.00594386,0.0239608,0.0264106,0.00778838,0.0123731,0.0242528
0.0207209,0.00852323,0.00874452,0.019422,0.0328665,0.00994935,0.0138067,0.0221034
0.0177419,0.0121061,0.0102475,0.0258449,0.0300546,0.011982,0.0157476,0.0181614
0.0203343,0.00913932,0.0139796,0.0276449,0.0357617,0.00760993,0.0198485,0.0268738
0.019533,0.0118872,0.00808833,0.0235465,0.04142,0.0129428,0.0167299,0.0285965
0.027092,0.0203941,0.0122866,0.0291289,0.035281,0.0118333,0.020368,0.0379673
0.0289087,0.0221573,0.0160058,0.0333039,0.0417253,0.0117366,0.0250474,0.0376394
0.0307881,0.0339667,0.0171822,0.0298939,0.0407038,0.0131231,0.0270982,0.0503084
0.0246492,0.0437834,0.0181823,0.0228066,0.0256069,0.0126909,0.0225548,0.0605565
0.0257614,0.0765231,0.0137381,0.0363318,0.0257859,0.0178575,0.0381902,0.0815765
0.0252997,0.0635149,0.0286805,0.0328298,0.0331555,0.0253763,0.0405003,0.077696
0.0255355,0.0921354,0.061726,0.0476784,0.0243767,0.0161067,0.0347431,0.0764783
0.0324347,0.126817,0.0431995,0.0415955,0.0194972,0.0237951,0.038063,0.114243
0.0293237,0.0864521,0.0397551,0.0522803,0.0229891,0.0182111,0.0601447,0.132982
0.0395129,0.101526,0.0526447,0.0527105,0.0250729,0.0112508,0.0487884,0.0863419
0.0233705,0.0950323,0.0556922,0.0346974,0.0195465,0.0170729,0.0432692,0.103207
0.0237075,0.113706,0.0409861,0.0399018,0.0219647,0.0126017,0.0405924,0.107055
0.0396819,0.102435,0.0580666,0.0529164,0.0221598,0.0227973,0.0552416,0.075208
0.0325608,0.0789406,0.0473156,0.0544911,0.0296742,0.0139766,0.0552642,0.065787
0.0327381,0.0542505,0.0537646,0.0534344,0.0190551,0.0124114,0.0438749,0.0456921
0.0267062,0.0453611,0.051466,0.0388122,0.0264352,0.0141574,0.0478078,0.049345
0.0715458,0.0624206,0.0407213,0.0499525,0.0163181,0.00751885,0.0417271,0.0628205
0.0692785,0.0571513,0.0493092,0.040536,0.0143312,0.00497322,0.0383518,0.054015
0.0600147,0.0563146,0.0391007,0.0323728,0.0103627,0.00766186,0.0385542,0.0426062
0.0551026,0.046159,0.0379601,0.0472855,0.010558,0.00575927,0.0412087,0.0455516
0.0665048,0.0617493,0.0488391,0.0457065,0.0135326,0.00394176,0.059023,0.0708277
0.0841166,0.0488476,0.0890637,0.0498182,0.0102029,0.00963033,0.0498895,0.0700185
0.0911264,0.0566321,0.0550917,0.0518992,0.0151856,0.0145056,0.075685,0.0853881
0.0711947,0.0497961,0.0466935,0.0635701,0.0148519,0.0228909,0.0553247,0.101564
0.0943535,0.0417229,0.0698483,0.0518979,0.0179766,0.0171041,0.0934308,0.150738
0.0929997,0.0560883,0.0568893,0.0636511,0.0123359,0.0300801,0.0684701,0.122366
0.0896152,0.0445367,0.0737567,0.0664542,0.0214643,0.0206573,0.0822338,0.126584
0.0799495,0.0535952,0.0648468,0.0691823,0.0208536,0.0223105,0.116381,0.124709
0.0645225,0.0545741,0.0832944,0.092133,0.0302736,0.0330756,0.107475,0.102461
0.0714613,0.0485497,0.0531244,0.0960747,0.0432343,0.0432174,0.0893766,0.0980425
0.0560429,0.0530691,0.0903082,0.0656032,0.0548826,0.0613861,0.103178,0.133582
0.0916043,0.044069,0.0821111,0.0730447,0.053408,0.0813438,0.136022,0.0980112
0.117532,0.0419301,0.0432794,0.0529418,0.061886,0.119886,0.225317,0.0740371
0.116966,0.0560354,0.0592977,0.0771485,0.0894825,0.184943,0.257957,0.131955
0.120084,0.0573766,0.0790632,0.0745958,0.112071,0.246218,0.308426,0.137338
0.111194,0.0880712,0.0867973,0.142198,0.200358,0.338307,0.353648,0.195365
0.128934,0.133239,0.138311,0.168579,0.278815,0.407692,0.534833,0.302701
0.100987,0.191285,0.135315,0.213598,0.367997,0.380455,0.575147,0.384056
0.081855,0.163802,0.121258,0.163678,0.418673,0.477123,0.481571,0.427191
0.0881719,0.189325,0.12209,0.170826,0.395711,0.460349,0.595167,0.47275
0.0759112,0.306859,0.105752,0.186606,0.404575,0.4441,0.535863,0.480374
0.075852,0.197202,0.147751,0.162434,0.35025,0.47428,0.648452,0.45735
0.0570663,0.229091,0.142606,0.21892,0.35887,0.481881,0.60786,0.408035
0.0413575,0.248787,0.119146,0.200127,0.374442,0.515026,0.534673,0.426569
0.0686838,0.170304,0.124653,0.165918,0.420476,0.566794,0.521913,0.318744
0.0650083,0.143852,0.126424,0.247553,0.387127,0.534481,0.551956,0.425967
0.0648046,0.143357,0.0801121,0.213556,0.418271,0.469752,0.572275,0.348557
0.0567326,0.153114,0.0974637,0.169212,0.353008,0.42417,0.502363,0.357573
0.0571635,0.157695,0.0903756,0.188881,0.341099,0.410972,0.566557,0.385643
0.0447774,0.145681,0.0820375,0.16111,0.317239,0.345151,0.446501,0.378039
0.0602052,0.151153,0.0577996,0.1246,0.340764,0.307419,0.345647,0.430201
0.0415824,0.113887,0.0490081,0.117032,0.278316,0.380227,0.308585,0.366486
0.0398201,0.136049,0.060523,0.101383,0.178017,0.30668,0.344796,0.308552
0.0542483,0.112506,0.0912606,0.120541,0.13371,0.222628,0.314996,0.360677
0.0684784,0.0769482,0.0938756,0.130692,0.151279,0.241109,0.305806,0.33403
0.0559531,0.0815392,0.0751006,0.137921,0.153246,0.219844,0.26023,0.226759
0.0494435,0.0622994,0.0564921,0.123056,0.112397,0.231495,0.245289,0.151324
0.0599405,0.0476079,0.0337709,0.0881336,0.122021,0.164237,0.15128,0.202176
0.0668024,0.0480775,0.0457515,0.0736579,0.125596,0.210887,0.178065,0.180644
0.054043,0.0434099,0.0330999,0.0677239,0.107693,0.145133,0.116189,0.151578
0.0337105,0.0270572,0.028387,0.0488521,0.109414,0.16153,0.128473,0.117587
0.0419158,0.0267136,0.0272622,0.050587,0.100824,0.132494,0.118259,0.127178
0.0265488,0.0172046,0.0234705,0.0385264,0.12479,0.113393,0.103978,0.0959437
0.0283616,0.0194353,0.0171492,0.044576,0.0925441,0.0865396,0.117326,0.117972
0.0291314,0.0156314,0.024364,0.0279628,0.0904019,0.0784125,0.102336,0.107095
0.0300508,0.02554,0.0179451,0.0287079,0.0813724,0.074282,0.0705878,0.109025
0.0180813,0.0193265,0.0148229,0.0318504,0.0799645,0.0504513,0.0701975,0.0715663
0.024769,0.0248065,0.0176473,0.0379342,0.0602896,0.0868564,0.0492982,0.0684064
0.0276638,0.0119632,0.0177108,0.0316696,0.0624675,0.0670493,0.0717207,0.0679376
0.0353954,0.0358777,0.0099556,0.0362721,0.0582409,0.0673502,0.0601209,0.077496
0.0448845,0.0307929,0.00860284,0.0339098,0.0598518,0.0633108,0.0741196,0.0887633
0.0390692,0.030751,0.00861023,0.0405288,0.0654618,0.0748191,0.0599472,0.0809427
0.0594643,0.0370384,0.00966113,0.0213232,0.0497195,0.0530959,0.0513298,0.0519364
0.0571922,0.0510801,0.00629804,0.0398996,0.0546493,0.0524214,0.0426622,0.0532901
0.047829,0.0415767,0.00494336,0.0331495,0.0537761,0.0599808,0.0289405,0.0511006
0.0447454,0.0473564,0.00715754,0.0349344,0.0499991,0.0376244,0.0388883,0.0635941
0.042275,0.0489832,0.0071567,0.0324791,0.0411976,0.0411076,0.0236733,0.0787534
0.0654282,0.0579073,0.00986402,0.0458095,0.046583,0.0276293,0.0302441,0.097899
0.0570152,0.0569865,0.0100313,0.0313366,0.0642375,0.033878,0.0387654,0.104509
0.052421,0.051446,0.0100705,0.0268759,0.0477165,0.0276217,0.0449917,0.0871976
0.0331916,0.048494,0.0113368,0.0257964,0.0411359,0.0172556,0.0324789,0.060543
0.0372112,0.0203079,0.00709085,0.0296307,0.0370511,0.0160398,0.0259706,0.0528635
0.0202214,0.0196972,0.00675869,0.026206,0.0512917,0.0115962,0.0283139,0.0515856
0.019832,0.0146465,0.0102158,0.0239887,0.0381548,0.0109852,0.023214,0.0441623
0.026466,0.0213975,0.00702895,0.0223895,0.0617309,0.00988176,0.0138939,0.0436729
0.0172583,0.0225938,0.0122562,0.0228169,0.0638176,0.0120319,0.0136106,0.0558169
0.0189598,0.0333601,0.00648983,0.0247653,0.0519437,0.0109819,0.0196961,0.0455507
0.0290998,0.0216782,0.00972222,0.0230748,0.0458168,0.00865857,0.0135579,0.038441
0.0233928,0.0266135,0.00314864,0.0203026,0.0499415,0.00943319,0.0116102,0.0453707
0.0165494,0.0205069,0.00915327,0.0147284,0.039102,0.00769567,0.00660077,0.051985
0.0176608,0.0092779,0.00542466,0.0196656,0.034447,0.0071752,0.00884661,0.0417622
0.015682,0.0236408,0.00820629,0.0166736,0.0284945,0.00480156,0.00850033,0.0347216
0.0200297,0.00883896,0.0057211,0.0186612,0.0224786,0.00586998,0.00889281,0.0311497
0.020899,0.00873208,0.00790726,0.0202186,0.0312388,0.005571,0.00724581,0.0341512
0.0170236,0.0183197,0.0125221,0.0180328,0.0183099,0.0125454,0.00928791,0.0303961
0.0204916,0.02037,0.0201919,0.0233079,0.0211575,0.00703517,0.0168019,0.0220487
0.0122476,0.0112534,0.0166782,0.0221704,0.0269265,0.0109888,0.0126593,0.0329548
0.0230472,0.0219215,0.0166695,0.022408,0.0275983,0.0234457,0.0167668,0.0477032
0.0320447,0.0216598,0.0237815,0.0212218,0.0292621,0.0195361,0.0234646,0.0416753
0.0237431,0.0314497,0.0238782,0.0273844,0.0221416,0.0197723,0.0307686,0.0399718
0.0326938,0.0347011,0.0296479,0.0257271,0.0294588,0.0145161,0.0232362,0.0572964
0.0415203,0.0430708,0.0313523,0.0398727,0.0186739,0.0146214,0.0336319,0.0469624
0.0352157,0.0466333,0.030252,0.0388246,0.0272985,0.0188373,0.0218108,0.0436218
