0.106013,0.1067,0.234375,0.733929,0.549938,0.323113,0.342072,0.958848
0.109177,0.10091,0.141204,0.847024,0.577403,0.351415,0.389513,0.961934
0.121044,0.0992556,0.0954861,0.971429,0.583021,0.359277,0.409488,0.80144
0.106013,0.0810587,0.0868056,0.947619,0.519975,0.28066,0.413233,0.480453
0.109177,0.0603805,0.0804398,0.971429,0.501873,0.252358,0.423221,0.324074
0.102057,0.0554177,0.0648148,0.90119,0.374532,0.210692,0.380774,0.266461
0.0901899,0.0454921,0.0642361,0.793452,0.318976,0.167453,0.325843,0.231481
0.0704114,0.0347395,0.0300926,0.5875,0.24407,0.146226,0.294632,0.199588
0.0474684,0.0272953,0.0219907,0.447024,0.177903,0.13522,0.249688,0.148148
0.0308544,0.0264682,0.021412,0.195238,0.0742821,0.077044,0.107366,0.0967078
0.0189873,0.025641,0.021412,0.1,0.051186,0.0621069,0.0674157,0.0853909
0.0166139,0.0206782,0.0104167,0.0660714,0.0280899,0.0393082,0.0362047,0.0751029
0.0150316,0.019024,0.00752315,0.0464286,0.0262172,0.0322327,0.0274657,0.0432099
0.0166139,0.0206782,0.00925926,0.0339286,0.0268414,0.033805,0.0249688,0.0329218
0.0197785,0.0231596,0.0144676,0.0357143,0.0268414,0.043239,0.0249688,0.0360082
0.0174051,0.0248139,0.0121528,0.0422619,0.036829,0.0424528,0.0237204,0.0339506
0.0158228,0.0289495,0.0138889,0.0511905,0.0411985,0.0487421,0.0187266,0.0308642
0.0205696,0.0479735,0.0422454,0.0595238,0.0449438,0.0621069,0.0137328,0.0411523
0.0332278,0.0496278,0.0457176,0.0619048,0.045568,0.0738994,0.0124844,0.0421811
0.0348101,0.0545906,0.0445602,0.0720238,0.0611735,0.0794025,0.0162297,0.0380658
0.0427215,0.0645161,0.0653935,0.0785714,0.0842697,0.0943396,0.0287141,0.0452675
0.0593354,0.0901572,0.0677083,0.150595,0.0873908,0.154088,0.0399501,0.0668724
0.0704114,0.0984285,0.0665509,0.158929,0.0861423,0.180818,0.0449438,0.0781893
0.0672468,0.100083,0.0648148,0.1625,0.0911361,0.180031,0.0499376,0.0823045
0.068038,0.10091,0.0642361,0.158929,0.0817728,0.180031,0.0449438,0.0884774
0.0640823,0.0984285,0.0480324,0.157143,0.0586767,0.176887,0.0362047,0.0853909
0.0609177,0.0901572,0.0480324,0.0988095,0.0611735,0.149371,0.0387016,0.0874486
0.0498418,0.082713,0.0306713,0.0904762,0.0873908,0.132075,0.0362047,0.0781893
0.0712025,0.107527,0.0300926,0.0940476,0.0836454,0.166667,0.0387016,0.11214
0.0759494,0.114144,0.0306713,0.105952,0.0842697,0.179245,0.0449438,0.114198
0.0814873,0.124897,0.0266204,0.1125,0.0792759,0.19261,0.051186,0.126543
0.085443,0.134822,0.025463,0.124405,0.0742821,0.200472,0.0449438,0.131687
0.090981,0.140612,0.025463,0.129167,0.0387016,0.207547,0.0486891,0.147119
0.096519,0.163772,0.0300926,0.150595,0.0405743,0.242925,0.0724095,0.161523
0.113924,0.17287,0.03125,0.168452,0.0411985,0.262579,0.0786517,0.191358
0.135285,0.189413,0.0335648,0.205357,0.0493134,0.296384,0.0848939,0.23251
0.15269,0.199338,0.0393519,0.242262,0.0555556,0.333333,0.0948814,0.268519
0.15269,0.191067,0.0376157,0.23631,0.0536829,0.323113,0.0923845,0.262346
0.137658,0.154673,0.0324074,0.217262,0.0505618,0.27673,0.0674157,0.236626
0.120253,0.137304,0.0289352,0.197024,0.0486891,0.248428,0.0561798,0.209877
0.0901899,0.102564,0.0231481,0.155357,0.0424469,0.191824,0.0424469,0.156379
0.0443038,0.0504549,0.00868056,0.0595238,0.0305868,0.081761,0.0162297,0.0699589
0.0261076,0.0430108,0.00462963,0.0571429,0.0318352,0.0683962,0.0149813,0.0555556
0.0245253,0.0405294,0.00752315,0.0577381,0.0268414,0.0746855,0.0187266,0.0576132
0.0237342,0.0372208,0.00752315,0.0595238,0.0237204,0.0786164,0.0149813,0.0555556
0.0237342,0.0281224,0.00752315,0.0470238,0.0243446,0.0731132,0.0124844,0.0473251
0.0253165,0.0272953,0.00636574,0.0488095,0.0362047,0.0715409,0.011236,0.0504115
0.0253165,0.0297767,0.00810185,0.060119,0.0330836,0.077044,0.0149813,0.0514403
0.022943,0.0239868,0.00636574,0.0636905,0.0343321,0.0652516,0.0124844,0.0462963
0.0197785,0.0281224,0.00810185,0.0619048,0.0355805,0.0518868,0.0187266,0.0483539
0.0166139,0.0289495,0.00868056,0.0630952,0.031211,0.0542453,0.0674157,0.0617284
0.0126582,0.0248139,0.00810185,0.0577381,0.0168539,0.0495283,0.0724095,0.0648148
0.0134494,0.0264682,0.00868056,0.0452381,0.0162297,0.0448113,0.0749064,0.0699589
0.0134494,0.0272953,0.00925926,0.035119,0.0143571,0.0503145,0.093633,0.0781893
0.0158228,0.0306038,0.0133102,0.0541667,0.0230961,0.0636792,0.11985,0.0812757
0.022943,0.0587262,0.0162037,0.0565476,0.0262172,0.0668239,0.193508,0.0751029
0.0640823,0.0901572,0.0243056,0.0738095,0.0362047,0.0786164,0.235955,0.06893
0.073576,0.0909843,0.0283565,0.077381,0.0418227,0.086478,0.248439,0.0679012
0.0814873,0.0992556,0.0283565,0.0809524,0.332709,0.0927673,0.247191,0.06893
0.085443,0.10091,0.0271991,0.0815476,0.421973,0.0904088,0.265918,0.0709877
0.0925633,0.208437,0.0376157,0.105952,0.438202,0.150943,0.289638,0.184156
0.085443,0.488834,0.102431,0.17619,0.509363,0.289308,0.433208,0.411523
0.106804,0.505376,0.122685,0.224405,0.688514,0.536164,0.494382,0.437243
0.132911,0.523573,0.145255,0.2625,0.700375,0.565252,0.505618,0.471193
0.207278,0.560794,0.206019,0.283333,0.729089,0.572327,0.525593,0.520576
0.235759,0.675765,0.288194,0.313095,0.804619,0.631289,0.601748,0.564815
0.281646,0.664185,0.368056,0.42381,0.921348,0.786164,0.564295,0.532922
0.34019,0.706369,0.552083,0.524405,0.92759,0.724057,0.600499,0.703704
0.411392,0.74359,0.700231,0.655952,0.964419,0.783019,0.654182,0.715021
0.434335,0.79818,0.740741,0.683929,1.0,0.884434,0.675406,0.77572
0.434335,0.739454,0.734375,0.682143,0.940699,0.887579,0.617977,0.734568
0.47231,0.663358,0.698495,0.627381,0.815855,0.823113,0.621723,0.716049
0.45807,0.74938,0.569444,0.568452,0.690387,0.819182,0.566792,0.583333
0.405063,0.727047,0.369792,0.405357,0.55181,0.919025,0.565543,0.570988
0.355222,0.779156,0.250579,0.353571,0.390762,0.870283,0.581773,0.503086
0.359968,0.80976,0.183449,0.332143,0.451311,0.939465,0.609238,0.552469
0.296677,0.783292,0.148727,0.279762,0.429463,0.891509,0.55181,0.489712
0.253956,0.751034,0.105903,0.192857,0.427591,0.970126,0.654182,0.468107
0.22943,0.810587,0.0972222,0.161905,0.417603,0.828616,0.625468,0.450617
0.297468,0.787428,0.0960648,0.181548,0.462547,0.875786,0.686642,0.556584
0.307753,0.779983,0.0949074,0.204167,0.504994,0.960692,0.64794,0.572016
0.283228,0.794045,0.110532,0.2125,0.518727,1.0,0.736579,0.587449
0.276899,0.701406,0.118634,0.205952,0.486891,0.900943,0.651685,0.563786
0.275316,0.609595,0.118056,0.198214,0.473159,0.897799,0.629214,0.555556
0.18038,0.489661,0.103009,0.149405,0.401998,0.805031,0.484395,0.377572
0.10443,0.44086,0.105324,0.0928571,0.235331,0.52673,0.449438,0.245885
0.108386,0.443342,0.0989583,0.0702381,0.111111,0.347484,0.254682,0.202675
0.217563,0.55335,0.126157,0.0910714,0.0948814,0.245283,0.184769,0.330247
0.248418,0.762614,0.157407,0.118452,0.0886392,0.191824,0.253433,0.467078
0.314082,0.861869,0.168981,0.122619,0.0811486,0.172956,0.259675,0.522634
0.344937,0.957816,0.337963,0.126786,0.126717,0.190252,0.277154,0.570988
0.393987,0.985939,0.381366,0.145238,0.207241,0.197327,0.302122,0.603909
0.383703,1.0,0.384838,0.139286,0.224095,0.195755,0.29588,0.550412
0.376582,0.904053,0.375,0.116071,0.264669,0.17217,0.259675,0.451646
0.363133,0.856079,0.376157,0.114286,0.296504,0.198113,0.293383,0.490741
0.450158,0.782465,0.239005,0.127976,0.286517,0.184748,0.27216,0.481481
0.503165,0.79239,0.164352,0.129762,0.244694,0.188679,0.274657,0.527778
0.499209,0.722911,0.140625,0.141071,0.229089,0.183176,0.273408,0.557613
0.52769,0.711332,0.153935,0.144048,0.172909,0.173742,0.229713,0.548354
0.538766,0.764268,0.185185,0.152976,0.132335,0.143868,0.19975,0.521605
0.509494,0.760132,0.192708,0.145833,0.114856,0.132862,0.214732,0.588477
0.455696,0.769231,0.193866,0.138095,0.0930087,0.101415,0.181024,0.550412
0.486551,0.777502,0.196181,0.1375,0.108614,0.0998428,0.171036,0.57716
0.469937,0.783292,0.1875,0.142857,0.141698,0.103774,0.189763,0.627572
0.493671,0.759305,0.144097,0.141667,0.122971,0.0904088,0.187266,0.720165
0.439873,0.709677,0.123843,0.199405,0.13171,0.0809748,0.173533,0.680041
0.410601,0.652605,0.118056,0.272024,0.142322,0.0990566,0.21598,0.715021
0.382911,0.63689,0.10706,0.273214,0.135456,0.0904088,0.217228,0.73251
0.398734,0.617866,0.126736,0.289881,0.119226,0.086478,0.220974,0.766461
0.349684,0.550041,0.127315,0.320238,0.144819,0.0935535,0.208489,0.670782
0.419304,0.584781,0.179977,0.602381,0.366417,0.146226,0.252185,0.736625
0.428797,0.604632,0.194444,0.655357,0.400749,0.158019,0.224719,0.715021
0.40981,0.594706,0.198495,0.823214,0.412609,0.158019,0.220974,0.670782
0.385285,0.632754,0.184606,0.827976,0.414482,0.169811,0.210986,0.649177
0.390032,0.604632,0.1875,0.818452,0.405743,0.164308,0.205993,0.632716
0.321203,0.674111,0.137153,0.623214,0.222846,0.134434,0.164794,0.528807
0.318829,0.646816,0.12037,0.533333,0.149813,0.11478,0.173533,0.561728
0.318038,0.668321,0.123264,0.183333,0.111111,0.119497,0.187266,0.549383
0.297468,0.578991,0.114583,0.124405,0.0799001,0.0982704,0.178527,0.524691
0.295095,0.591398,0.109954,0.100595,0.0811486,0.102987,0.178527,0.529835
0.392405,0.501241,0.126157,0.101786,0.076779,0.0927673,0.208489,0.649177
0.412975,0.529363,0.126157,0.10119,0.076779,0.0896226,0.222222,0.606996
0.415348,0.503722,0.114005,0.104762,0.0805243,0.0904088,0.213483,0.599794
0.416139,0.506203,0.148727,0.152976,0.0811486,0.0888365,0.213483,0.548354
0.411392,0.560794,0.196759,0.245238,0.0917603,0.0935535,0.207241,0.567901
0.325949,0.509512,0.333333,0.389286,0.102372,0.102987,0.171036,0.420782
0.335443,0.502895,0.362269,0.430357,0.10799,0.108491,0.131086,0.421811
0.324367,0.502068,0.362847,0.431548,0.104869,0.105346,0.128589,0.437243
0.337816,0.542597,0.36169,0.418452,0.106117,0.107704,0.131086,0.538066
0.360759,0.519438,0.398727,0.472024,0.114232,0.117925,0.163546,0.627572
0.450158,0.531017,0.313079,0.405952,0.100499,0.110063,0.17603,0.696502
0.420095,0.487179,0.30787,0.403571,0.0861423,0.100629,0.177278,0.687243
0.416139,0.474773,0.328125,0.414286,0.0898876,0.105346,0.179775,0.683128
0.508703,0.46981,0.369792,0.495238,0.0986267,0.108491,0.17603,0.632716
0.477057,0.382961,0.353009,0.466667,0.0905119,0.0974843,0.168539,0.569959
0.435127,0.348222,0.367477,0.511905,0.116729,0.121069,0.17603,0.51749
0.420886,0.296112,0.355903,0.495238,0.116729,0.118711,0.163546,0.502058
0.428006,0.276261,0.350694,0.497024,0.110487,0.112421,0.158552,0.483539
0.325949,0.246485,0.358218,0.46131,0.108614,0.116352,0.162297,0.492798
0.33307,0.248139,0.360532,0.473214,0.0948814,0.108491,0.146067,0.518519
0.253165,0.241522,0.350694,0.48631,0.0705368,0.0896226,0.102372,0.481481
0.306962,0.27957,0.370949,0.539286,0.076779,0.0951258,0.141074,0.65535
0.309335,0.295285,0.362269,0.533333,0.0817728,0.0959119,0.144819,0.709877
0.321203,0.301902,0.345486,0.507143,0.0817728,0.0966981,0.148564,0.711934
0.332278,0.371381,0.326968,0.491667,0.0923845,0.117925,0.168539,0.673868
0.356013,0.38048,0.331019,0.504167,0.0986267,0.107704,0.166042,0.673868
0.334652,0.434243,0.332176,0.466667,0.102372,0.118711,0.168539,0.616255
0.374209,0.464847,0.377894,0.494643,0.133583,0.146226,0.183521,0.653292
0.359177,0.470637,0.375579,0.49881,0.142322,0.16195,0.202247,0.772634
0.364715,0.482217,0.420139,0.477976,0.152934,0.168239,0.222222,0.835391
0.34731,0.471464,0.41088,0.391667,0.14794,0.166667,0.230961,0.863169
0.317247,0.405294,0.39294,0.383929,0.145443,0.158805,0.214732,0.779835
0.285601,0.421836,0.383102,0.420238,0.115481,0.132075,0.204744,0.701646
0.28481,0.451613,0.364005,0.420238,0.101124,0.102987,0.181024,0.541152
0.306962,0.456576,0.296875,0.388095,0.0830212,0.077044,0.142322,0.437243
0.320411,0.48139,0.310764,0.384524,0.0799001,0.0754717,0.134831,0.386831
0.378956,0.513648,0.34375,0.357143,0.0799001,0.0809748,0.178527,0.481481
0.387658,0.468983,0.323495,0.278571,0.0855181,0.0904088,0.191011,0.494856
0.386076,0.422663,0.331597,0.284524,0.0811486,0.0919811,0.218477,0.486626
0.355222,0.33995,0.321181,0.283929,0.0761548,0.0833333,0.240949,0.502058
0.390823,0.294458,0.320602,0.256548,0.0742821,0.0833333,0.2397,0.520576
0.360759,0.224152,0.279514,0.258929,0.0649189,0.072327,0.219725,0.49177
0.335443,0.223325,0.255208,0.239286,0.0518102,0.0605346,0.225968,0.477366
0.322785,0.18445,0.22338,0.195238,0.0499376,0.0566038,0.197253,0.462963
0.303797,0.168734,0.211227,0.179167,0.0424469,0.0518868,0.1598,0.391975
0.231013,0.166253,0.152199,0.142262,0.0349563,0.0487421,0.166042,0.434156
0.182753,0.158809,0.122685,0.108333,0.0337079,0.0448113,0.137328,0.36214
0.149525,0.133995,0.116319,0.10119,0.0430712,0.0495283,0.0861423,0.341564
0.164557,0.114971,0.100694,0.0922619,0.0443196,0.052673,0.0761548,0.340535
0.157437,0.110008,0.087963,0.104167,0.0948814,0.0636792,0.062422,0.328189
0.265032,0.130687,0.0798611,0.109524,0.10362,0.0794025,0.0474407,0.257202
0.265032,0.120761,0.0717593,0.110119,0.106117,0.0849057,0.0449438,0.252058
0.267405,0.122415,0.0706019,0.120238,0.137953,0.0841195,0.051186,0.256173
0.244462,0.113317,0.0619213,0.120833,0.163546,0.147013,0.0574282,0.25
0.253956,0.136476,0.0787037,0.12619,0.142946,0.148585,0.0536829,0.244856
0.158228,0.148883,0.0914352,0.1375,0.138577,0.139937,0.0461923,0.186214
0.411392,0.1555,0.102431,0.143452,0.166667,0.137579,0.051186,0.18107
0.546677,0.153019,0.100116,0.131548,0.205993,0.142296,0.0499376,0.23251
0.594937,0.1555,0.101273,0.126786,0.195381,0.0746855,0.0399501,0.27572
0.591772,0.136476,0.0885417,0.110119,0.207241,0.0738994,0.128589,0.300412
0.59731,0.0967742,0.0827546,0.0988095,0.21598,0.091195,0.223471,0.302469
0.481013,0.0992556,0.0729167,0.0988095,0.205993,0.0951258,0.252185,0.317901
0.335443,0.101737,0.0798611,0.114286,0.174782,0.106132,0.259675,0.306584
0.317247,0.104218,0.0850694,0.147619,0.17166,0.122642,0.31211,0.329218
0.39557,0.105873,0.0966435,0.154167,0.159176,0.117138,0.329588,0.340535
0.405063,0.08933,0.0868056,0.154762,0.162297,0.138365,0.282147,0.401235
0.384494,0.0810587,0.087963,0.160119,0.163546,0.153302,0.265918,0.434156
0.368671,0.108354,0.083912,0.166071,0.192884,0.154874,0.387016,0.616255
0.30538,0.101737,0.0815972,0.139881,0.19975,0.168239,0.40824,0.679012
0.1875,0.102564,0.068287,0.170833,0.207241,0.375,0.484395,0.728395
0.110759,0.105873,0.0694444,0.167262,0.203496,0.589623,0.49563,0.70679
0.0933544,0.102564,0.0677083,0.156548,0.197878,0.624214,0.508115,0.684156
0.0814873,0.0760959,0.0619213,0.147619,0.18789,0.662736,0.426966,0.511317
0.0846519,0.0769231,0.0543981,0.180952,0.231586,0.661164,0.491885,0.399177
0.0878165,0.0612076,0.0543981,0.166071,0.248439,0.628931,0.423221,0.276749
0.0806962,0.0562448,0.0497685,0.166071,0.263421,0.605346,0.534332,0.225309
0.0585443,0.0496278,0.0474537,0.168452,0.272784,0.624214,0.553059,0.210905
0.0577532,0.0471464,0.0434028,0.169643,0.254682,0.65173,0.570537,0.193416
0.0553797,0.0430108,0.0445602,0.158333,0.324594,0.666667,0.484395,0.141975
0.0466772,0.0405294,0.0399306,0.136905,0.308365,0.617925,0.470662,0.13786
0.0435127,0.0372208,0.0335648,0.133333,0.302747,0.524371,0.33583,0.114198
0.0474684,0.0363937,0.0445602,0.135714,0.310237,0.477987,0.297129,0.0987654
0.0474684,0.0413565,0.0625,0.159524,0.350811,0.404088,0.257179,0.0977366
0.0419304,0.0388751,0.0653935,0.136905,0.2603,0.382862,0.234707,0.095679
0.0435127,0.0372208,0.0665509,0.14881,0.269039,0.378931,0.188514,0.0617284
0.0411392,0.0372208,0.0688657,0.15,0.269663,0.292453,0.168539,0.0514403
0.0324367,0.0438379,0.0619213,0.216667,0.317104,0.290881,0.19226,0.0617284
0.028481,0.0355666,0.0486111,0.230357,0.27216,0.306604,0.203496,0.0699589
0.0268987,0.0504549,0.0445602,0.255357,0.293383,0.341981,0.213483,0.0792181
0.0237342,0.0562448,0.0434028,0.271429,0.30774,0.334906,0.212235,0.0802469
0.0268987,0.0645161,0.0434028,0.285119,0.339576,0.340409,0.204744,0.0781893
0.028481,0.0612076,0.0399306,0.26369,0.302122,0.347484,0.154806,0.0679012
0.0316456,0.0661704,0.0376157,0.255357,0.305243,0.380503,0.11985,0.0596708
0.0371835,0.0603805,0.0335648,0.243452,0.30025,0.373428,0.093633,0.0524691
0.0419304,0.0562448,0.0341435,0.227381,0.287141,0.412736,0.101124,0.0565844
0.0458861,0.0562448,0.0335648,0.263095,0.322722,0.39544,0.106117,0.0555556
0.0419304,0.0595534,0.0295139,0.25,0.308365,0.372642,0.104869,0.0545267
0.0403481,0.0578991,0.0271991,0.226786,0.30025,0.300314,0.101124,0.0493827
0.0356013,0.0545906,0.0266204,0.217262,0.280275,0.292453,0.11985,0.0504115
0.0308544,0.057072,0.025463,0.233929,0.279026,0.258648,0.108614,0.0462963
0.0261076,0.0488007,0.0219907,0.188095,0.173533,0.238994,0.0986267,0.0751029
0.022943,0.0463193,0.0190972,0.170833,0.162921,0.225629,0.0986267,0.101852
0.0221519,0.0512821,0.0185185,0.171429,0.178527,0.215409,0.114856,0.118313
0.0237342,0.0612076,0.0173611,0.158929,0.198502,0.169811,0.108614,0.134774
0.0221519,0.0620347,0.0144676,0.115476,0.189139,0.173742,0.111111,0.13786
0.0205696,0.0678246,0.0133102,0.0785714,0.189139,0.175314,0.102372,0.121399
0.0213608,0.0711332,0.0144676,0.0690476,0.184769,0.181604,0.0998752,0.100823
0.028481,0.0669975,0.0138889,0.064881,0.151685,0.176887,0.0948814,0.0853909
0.0300633,0.057072,0.0167824,0.0708333,0.152934,0.178459,0.0848939,0.0606996
0.0308544,0.0512821,0.0173611,0.0714286,0.154806,0.138365,0.0898876,0.0514403
0.0316456,0.0421836,0.0179398,0.0732143,0.149813,0.128145,0.0911361,0.0545267
0.0332278,0.0289495,0.0167824,0.0678571,0.151685,0.120283,0.0848939,0.0514403
0.0308544,0.0413565,0.015625,0.0660714,0.186642,0.125,0.0649189,0.0709877
0.0332278,0.0438379,0.0162037,0.0607143,0.172285,0.129717,0.0599251,0.0864198
0.0332278,0.044665,0.0150463,0.0547619,0.166667,0.125,0.0424469,0.0874486
0.039557,0.0479735,0.0138889,0.0625,0.167291,0.126572,0.0411985,0.0843621
0.0482595,0.0512821,0.0144676,0.0636905,0.163546,0.121855,0.0536829,0.0925926
0.056962,0.0355666,0.0144676,0.0577381,0.129838,0.118711,0.051186,0.0781893
0.0704114,0.0347395,0.0121528,0.0577381,0.121723,0.118711,0.0599251,0.0648148
0.103639,0.0454921,0.0150463,0.0619048,0.123596,0.119497,0.0636704,0.0668724
0.102057,0.044665,0.0144676,0.0571429,0.121723,0.121855,0.0636704,0.0895062
0.111551,0.0479735,0.0150463,0.0636905,0.127965,0.121069,0.0561798,0.0946502
0.109968,0.0504549,0.0144676,0.0672619,0.125468,0.120283,0.0561798,0.104938
0.103639,0.0479735,0.0150463,0.0619048,0.113608,0.106132,0.0474407,0.136831
0.0949367,0.0388751,0.0138889,0.0589286,0.0998752,0.108491,0.0399501,0.135802
0.096519,0.0363937,0.0138889,0.0541667,0.0973783,0.106132,0.0387016,0.122428
0.0791139,0.0322581,0.0162037,0.0458333,0.106117,0.0974843,0.0274657,0.118313
0.0862342,0.0297767,0.0162037,0.0446429,0.124844,0.110849,0.0349563,0.127572
0.0957278,0.0413565,0.0150463,0.0494048,0.117978,0.103774,0.0337079,0.0977366
0.0767405,0.0562448,0.0138889,0.0577381,0.117978,0.0982704,0.0374532,0.105967
0.0822785,0.0661704,0.0150463,0.0666667,0.129213,0.0982704,0.0411985,0.113169
0.085443,0.0752688,0.0127315,0.0672619,0.113608,0.0974843,0.0424469,0.122428
0.0886076,0.122415,0.0202546,0.105357,0.143571,0.103774,0.0461923,0.164609
0.0838608,0.134822,0.0231481,0.116667,0.167291,0.103774,0.0499376,0.1893
0.102057,0.16708,0.0306713,0.115476,0.18789,0.111635,0.0524345,0.207819
0.0988924,0.189413,0.0358796,0.156548,0.229089,0.110063,0.0524345,0.210905
0.102848,0.202647,0.037037,0.194048,0.237203,0.113208,0.0561798,0.220165
0.116297,0.230769,0.0740741,0.200595,0.246567,0.0990566,0.0499376,0.205761
0.115506,0.243176,0.313079,0.268452,0.248439,0.0927673,0.0474407,0.230453
0.0996835,0.229942,0.401042,0.420833,0.240325,0.0833333,0.0661673,0.220165
0.139241,0.27378,0.44213,0.548214,0.299625,0.117925,0.0736579,0.294239
0.148734,0.280397,0.473958,0.654167,0.441948,0.178459,0.0799001,0.367284
0.141614,0.246485,0.494792,0.813095,0.479401,0.214623,0.0873908,0.382716
0.135285,0.228288,0.402778,0.865476,0.5799,0.216981,0.082397,0.363169
0.136867,0.218362,0.320023,0.844048,0.595506,0.220912,0.0649189,0.363169
0.0933544,0.133995,0.265046,0.7625,0.552434,0.203616,0.0524345,0.305556
0.0743671,0.0934657,0.206019,0.677976,0.464419,0.147013,0.0374532,0.19856
0.0474684,0.0653433,0.135995,0.469048,0.410112,0.072327,0.0187266,0.131687
0.0466772,0.0562448,0.0827546,0.313095,0.230961,0.0542453,0.0212235,0.114198
0.0379747,0.0496278,0.0677083,0.170833,0.182896,0.0306604,0.0287141,0.165638
0.0585443,0.0504549,0.0665509,0.158333,0.174157,0.0212264,0.0399501,0.207819
0.0553797,0.0438379,0.0613426,0.0928571,0.14794,0.0196541,0.0399501,0.217078
0.0632911,0.0479735,0.0653935,0.0833333,0.130462,0.0212264,0.0424469,0.227366
0.0648734,0.0405294,0.0821759,0.085119,0.138577,0.0267296,0.0499376,0.270576
0.0688291,0.0471464,0.0954861,0.108333,0.164794,0.0393082,0.0524345,0.282922
0.0553797,0.0521092,0.0925926,0.116667,0.200999,0.0550314,0.0524345,0.263374
0.0553797,0.0545906,0.0960648,0.132738,0.182272,0.0628931,0.0536829,0.254115
0.0537975,0.0736146,0.108796,0.132143,0.213483,0.0644654,0.051186,0.263374
0.0522152,0.0769231,0.100694,0.146429,0.227216,0.0896226,0.0411985,0.217078
0.0490506,0.0810587,0.0868056,0.255357,0.309613,0.397799,0.0761548,0.205761
0.0727848,0.113317,0.0966435,0.338095,0.414482,0.569969,0.0998752,0.251029
0.0949367,0.145575,0.104745,0.414286,0.465668,0.644654,0.11985,0.306584
0.106013,0.158809,0.0931713,0.452381,0.529338,0.720126,0.133583,0.323045
0.108386,0.162117,0.0902778,0.468452,0.554307,0.726415,0.133583,0.338477
0.106013,0.159636,0.0850694,0.419643,0.536205,0.663522,0.113608,0.309671
0.0886076,0.137304,0.0613426,0.355357,0.456305,0.573899,0.0973783,0.263374
0.0751582,0.114144,0.0405093,0.252381,0.433833,0.507862,0.0886392,0.223251
0.056962,0.0868486,0.0260417,0.184524,0.348315,0.406447,0.0736579,0.186214
0.0545886,0.0785773,0.0179398,0.147024,0.315231,0.40173,0.0786517,0.152263
0.0545886,0.0727874,0.0179398,0.122024,0.259051,0.314465,0.0736579,0.140947
0.056962,0.082713,0.0225694,0.12619,0.294007,0.250786,0.0686642,0.156379
0.0482595,0.0736146,0.0202546,0.119643,0.291511,0.251572,0.0486891,0.126543
0.0506329,0.0744417,0.0219907,0.114881,0.310861,0.27044,0.0436954,0.132716
0.0474684,0.0736146,0.0190972,0.0815476,0.30025,0.265723,0.0387016,0.130658
0.0474684,0.0736146,0.0196759,0.0821429,0.299001,0.268868,0.0337079,0.13786
0.0387658,0.0537634,0.0127315,0.0636905,0.245943,0.254717,0.0249688,0.0997942
0.0371835,0.0587262,0.0190972,0.0946429,0.218477,0.300314,0.0249688,0.102881
0.0292722,0.0628619,0.0190972,0.0886905,0.165418,0.278302,0.019975,0.0792181
0.0308544,0.0612076,0.0225694,0.0910714,0.153558,0.27673,0.0137328,0.0812757
0.0300633,0.0628619,0.0248843,0.0928571,0.167291,0.32783,0.0262172,0.0699589
0.028481,0.0612076,0.0266204,0.0952381,0.167291,0.330189,0.031211,0.0761317
0.0213608,0.0496278,0.0347222,0.107143,0.168539,0.279874,0.0287141,0.0534979
0.0150316,0.0289495,0.0445602,0.175,0.308989,0.371855,0.031211,0.0473251
0.0189873,0.0347395,0.0480324,0.202976,0.32834,0.417453,0.0349563,0.0493827
0.028481,0.0397022,0.052662,0.246429,0.354557,0.391509,0.0337079,0.0751029
0.0308544,0.0545906,0.0555556,0.254762,0.417603,0.461478,0.0374532,0.0730453
0.0403481,0.0645161,0.0497685,0.245238,0.423845,0.534591,0.0436954,0.0895062
0.0474684,0.0785773,0.046875,0.208333,0.349563,0.496069,0.0524345,0.110082
0.0561709,0.138131,0.0694444,0.202381,0.372035,0.475629,0.0574282,0.114198
0.0561709,0.144748,0.068287,0.158333,0.37578,0.5,0.0574282,0.127572
0.0632911,0.146402,0.0775463,0.183929,0.401373,0.495283,0.0599251,0.143004
0.0617089,0.156328,0.0815972,0.182143,0.421973,0.485063,0.0599251,0.138889
0.0601266,0.17287,0.124421,0.190476,0.470037,0.547956,0.0886392,0.139918
0.0609177,0.133995,0.115162,0.186905,0.453808,0.548742,0.124844,0.143004
0.0791139,0.144748,0.117477,0.195238,0.460674,0.601415,0.146067,0.151235
0.125,0.151365,0.129051,0.163095,0.393883,0.564465,0.277154,0.17284
0.14557,0.142266,0.137731,0.167262,0.362672,0.552673,0.297129,0.242798
0.21519,0.163772,0.0989583,0.15,0.289014,0.47327,0.297129,0.261317
0.246835,0.164599,0.112847,0.134524,0.277778,0.47956,0.283396,0.286008
0.24288,0.165426,0.141782,0.141667,0.224719,0.378931,0.297129,0.317901
0.22231,0.168734,0.155671,0.189881,0.233458,0.379717,0.182272,0.332305
0.218354,0.169562,0.152199,0.279167,0.246567,0.331761,0.15231,0.297325
0.162184,0.124069,0.158565,0.300595,0.242197,0.433962,0.133583,0.280864
0.106013,0.138958,0.150463,0.306548,0.23221,0.456761,0.128589,0.253086
0.101266,0.141439,0.148727,0.296429,0.230961,0.449686,0.0611735,0.203704
0.0925633,0.132341,0.128472,0.269048,0.206617,0.425314,0.051186,0.146091
0.068038,0.130687,0.126157,0.168452,0.151061,0.390723,0.0399501,0.11214
0.0300633,0.129859,0.131944,0.131548,0.148564,0.256289,0.0349563,0.0915638
0.0292722,0.102564,0.133681,0.143452,0.142322,0.138365,0.0249688,0.0812757
0.0213608,0.0653433,0.106481,0.144048,0.172285,0.108491,0.0237204,0.0473251
0.0205696,0.044665,0.0966435,0.155952,0.174782,0.139937,0.0262172,0.0390946
0.0189873,0.0231596,0.0914352,0.152381,0.174157,0.178459,0.0249688,0.0339506
0.0189873,0.0198511,0.0700231,0.15119,0.182272,0.20283,0.0237204,0.0277778
0.0174051,0.0165426,0.0555556,0.122619,0.171036,0.21305,0.0237204,0.0236626
0.022943,0.025641,0.046875,0.110119,0.122347,0.218553,0.0362047,0.0390946
0.0205696,0.0306038,0.0353009,0.0797619,0.088015,0.181604,0.0324594,0.0545267
0.022943,0.0330852,0.0277778,0.0744048,0.082397,0.136792,0.0324594,0.0555556
0.0245253,0.0355666,0.0237269,0.0619048,0.0424469,0.0959119,0.0349563,0.0596708
0.0245253,0.0363937,0.0237269,0.0375,0.0399501,0.0628931,0.0486891,0.0668724
0.0189873,0.0281224,0.0185185,0.0357143,0.0349563,0.033805,0.0561798,0.0534979
0.0237342,0.0264682,0.0173611,0.0291667,0.0343321,0.0267296,0.0586767,0.0401235
0.0213608,0.0239868,0.015625,0.0190476,0.0330836,0.0220126,0.0686642,0.037037
0.022943,0.019024,0.0162037,0.0196429,0.0280899,0.0204403,0.0674157,0.031893
0.022943,0.0206782,0.0144676,0.0196429,0.0418227,0.0204403,0.0561798,0.0205761
0.022943,0.0215054,0.0144676,0.0255952,0.0505618,0.0188679,0.0411985,0.0216049
0.0174051,0.0173697,0.0138889,0.0261905,0.051186,0.0204403,0.0387016,0.0144033
0.0158228,0.0223325,0.0144676,0.0517857,0.0830212,0.0267296,0.019975,0.0164609
0.0118671,0.0215054,0.0162037,0.0589286,0.0855181,0.0251572,0.0187266,0.0174897
0.0102848,0.0248139,0.0167824,0.060119,0.082397,0.0267296,0.019975,0.0185185
0.0134494,0.0297767,0.0219907,0.0571429,0.102372,0.033805,0.019975,0.0360082
0.0142405,0.038048,0.0283565,0.0607143,0.110487,0.0377358,0.0212235,0.0421811
0.0158228,0.038048,0.03125,0.0619048,0.109238,0.0361635,0.0212235,0.0483539
0.0158228,0.0405294,0.0318287,0.0785714,0.11236,0.038522,0.0224719,0.0534979
0.0142405,0.0363937,0.0324074,0.0803571,0.113608,0.0345912,0.0212235,0.0555556
0.0102848,0.0479735,0.0335648,0.0886905,0.118602,0.0353774,0.0187266,0.0545267
0.0110759,0.0471464,0.0300926,0.0946429,0.162297,0.0463836,0.0162297,0.0606996
0.0150316,0.0488007,0.0364583,0.0904762,0.197878,0.0652516,0.0137328,0.0596708
0.0189873,0.0496278,0.037037,0.075,0.202871,0.0683962,0.0137328,0.058642
0.0189873,0.0504549,0.0364583,0.0785714,0.206617,0.0801887,0.0137328,0.058642
0.0197785,0.038048,0.0353009,0.0726191,0.200375,0.0809748,0.011236,0.0545267
0.0213608,0.0330852,0.0405093,0.0672619,0.172285,0.109277,0.00873908,0.0493827
0.0189873,0.0281224,0.037037,0.0589286,0.116729,0.116352,0.00998752,0.0514403
0.0166139,0.0264682,0.037037,0.0577381,0.130462,0.120283,0.011236,0.0514403
0.0158228,0.0231596,0.0376157,0.0470238,0.132335,0.121855,0.00873908,0.0514403
0.0166139,0.0206782,0.0434028,0.0428571,0.132335,0.139937,0.0124844,0.0524691
0.0166139,0.0215054,0.0399306,0.0386905,0.128589,0.117925,0.0124844,0.0534979
0.0150316,0.0397022,0.0405093,0.0363095,0.138577,0.119497,0.0212235,0.0596708
0.0126582,0.0430108,0.0393519,0.0363095,0.125468,0.127358,0.0212235,0.058642
0.0189873,0.044665,0.0405093,0.0404762,0.116105,0.123428,0.0237204,0.0565844
0.0205696,0.0463193,0.0347222,0.0482143,0.111735,0.161164,0.0237204,0.0534979
0.022943,0.0454921,0.0341435,0.0494048,0.10799,0.162736,0.0274657,0.0771605
0.0443038,0.0372208,0.03125,0.052381,0.0998752,0.154874,0.0324594,0.118313
0.0498418,0.038048,0.0295139,0.0464286,0.0867665,0.150943,0.0474407,0.147119
0.0466772,0.0388751,0.0306713,0.0452381,0.0898876,0.15566,0.0461923,0.153292
0.0498418,0.0372208,0.0295139,0.0386905,0.0780275,0.100629,0.0436954,0.154321
0.0585443,0.0388751,0.0260417,0.0357143,0.0761548,0.119497,0.0424469,0.138889
0.0640823,0.0405294,0.0237269,0.0321429,0.0811486,0.11478,0.0362047,0.109053
0.0640823,0.0355666,0.0295139,0.0375,0.106742,0.112421,0.019975,0.0812757
0.0743671,0.0628619,0.0486111,0.0589286,0.156055,0.120283,0.0224719,0.105967
0.0799051,0.0851944,0.0636574,0.0845238,0.196629,0.128931,0.0249688,0.149177
0.0791139,0.110835,0.107639,0.161905,0.303371,0.132862,0.031211,0.255144
0.0656646,0.110008,0.114583,0.164881,0.316479,0.144654,0.031211,0.261317
0.0640823,0.109181,0.114005,0.169048,0.310861,0.150943,0.0287141,0.260288
0.0593354,0.0926385,0.105324,0.1625,0.286517,0.138365,0.0299625,0.246914
0.0482595,0.0727874,0.0954861,0.15,0.259675,0.125786,0.0287141,0.221193
0.0435127,0.0314309,0.0457176,0.0642857,0.126717,0.113994,0.019975,0.0936214
0.0751582,0.025641,0.0277778,0.0559524,0.0780275,0.102987,0.0162297,0.0658436
0.0751582,0.0248139,0.0295139,0.0470238,0.0724095,0.107704,0.0187266,0.0576132
0.0743671,0.025641,0.03125,0.0505952,0.0799001,0.194182,0.0149813,0.058642
0.0838608,0.0248139,0.0376157,0.0654762,0.0873908,0.221698,0.0237204,0.0576132
0.0862342,0.0206782,0.037037,0.0619048,0.0761548,0.216981,0.0262172,0.0576132
0.0561709,0.0165426,0.0381944,0.0660714,0.0749064,0.224057,0.0274657,0.0576132
0.0537975,0.0132341,0.0353009,0.0660714,0.06804,0.226415,0.0237204,0.0555556
0.0482595,0.0082713,0.0347222,0.0613095,0.0574282,0.163522,0.0224719,0.0514403
0.0308544,0.00992556,0.0306713,0.0464286,0.0399501,0.126572,0.0124844,0.0514403
0.0142405,0.00992556,0.0277778,0.0446429,0.0343321,0.138365,0.00873908,0.0432099
0.0134494,0.0082713,0.0243056,0.0380952,0.0343321,0.131289,0.0062422,0.0360082
0.0102848,0.0124069,0.0225694,0.0339286,0.0337079,0.133648,0.00749064,0.0432099
0.0102848,0.0132341,0.0185185,0.0339286,0.0387016,0.143868,0.00749064,0.0421811
0.0126582,0.0124069,0.0144676,0.0303571,0.0430712,0.179245,0.00873908,0.0401235
0.0102848,0.0115798,0.0115741,0.0315476,0.0399501,0.168239,0.00998752,0.0339506
0.00870253,0.0132341,0.0121528,0.0327381,0.0399501,0.162736,0.0124844,0.0349794
0.0102848,0.00909843,0.00752315,0.0255952,0.0362047,0.150157,0.0124844,0.0236626
0.00870253,0.0115798,0.00694444,0.0238095,0.0374532,0.147013,0.0124844,0.0236626
0.00949367,0.0124069,0.00520833,0.0261905,0.0543071,0.149371,0.00998752,0.0432099
0.0110759,0.0140612,0.00520833,0.0232143,0.0561798,0.148585,0.00873908,0.0452675
0.0110759,0.0124069,0.00925926,0.022619,0.0561798,0.166667,0.00749064,0.0555556
0.0110759,0.0165426,0.015625,0.0267857,0.0599251,0.158805,0.00749064,0.0648148
0.0118671,0.0165426,0.0231481,0.039881,0.0580524,0.216195,0.00873908,0.0761317
0.0110759,0.0157155,0.0271991,0.0380952,0.0543071,0.200472,0.00998752,0.0761317
0.0126582,0.0297767,0.0295139,0.0375,0.0630462,0.230346,0.011236,0.0967078
0.0134494,0.0330852,0.0289352,0.0416667,0.0842697,0.232704,0.00873908,0.115226
0.0142405,0.0372208,0.0295139,0.0404762,0.0855181,0.240566,0.011236,0.11214
0.0142405,0.038048,0.0324074,0.0392857,0.0848939,0.191824,0.0149813,0.106996
0.0197785,0.0363937,0.03125,0.0428571,0.0761548,0.178459,0.0149813,0.100823
0.0213608,0.0306038,0.0364583,0.0464286,0.0736579,0.159591,0.0137328,0.101852
0.0205696,0.0322581,0.052662,0.0553571,0.0674157,0.138365,0.0137328,0.095679
0.0205696,0.0281224,0.0549769,0.0625,0.0630462,0.146226,0.0137328,0.0936214
0.0213608,0.0272953,0.0509259,0.0559524,0.0717853,0.15566,0.00499376,0.113169
0.0158228,0.0297767,0.0515046,0.0583333,0.0774032,0.158019,0.0062422,0.121399
0.0134494,0.0264682,0.0538194,0.0702381,0.100499,0.180031,0.00873908,0.111111
0.0126582,0.0223325,0.0549769,0.0892857,0.0923845,0.187107,0.00873908,0.0946502
0.0110759,0.0231596,0.0596065,0.0922619,0.0948814,0.171384,0.00749064,0.0946502
0.0118671,0.0215054,0.0613426,0.0934524,0.0973783,0.149371,0.011236,0.0812757
0.0126582,0.0206782,0.0648148,0.0910714,0.0942572,0.154874,0.0187266,0.0699589
0.0110759,0.0198511,0.0787037,0.122024,0.0786517,0.181604,0.0299625,0.0576132
0.0110759,0.0215054,0.083912,0.12381,0.0873908,0.177673,0.0324594,0.0534979
0.0110759,0.0231596,0.100694,0.1375,0.088015,0.188679,0.0349563,0.0545267
0.0158228,0.0438379,0.11169,0.1625,0.076779,0.199686,0.0337079,0.0390946
0.0174051,0.0454921,0.121528,0.177976,0.0848939,0.226415,0.0274657,0.0329218
0.0166139,0.0471464,0.126157,0.182143,0.0755306,0.176887,0.0149813,0.0349794
0.0197785,0.0496278,0.164352,0.200595,0.071161,0.170597,0.0124844,0.0432099
0.0197785,0.0512821,0.227431,0.325,0.0955056,0.212264,0.0137328,0.0462963
0.0189873,0.0372208,0.269676,0.361905,0.106117,0.204403,0.0137328,0.0555556
0.0166139,0.038048,0.267361,0.356548,0.108614,0.165094,0.0149813,0.0699589
0.0174051,0.0454921,0.262731,0.344048,0.121099,0.154874,0.0174782,0.108025
0.0166139,0.0521092,0.242477,0.33631,0.127341,0.163522,0.0162297,0.11214
0.0189873,0.0578991,0.179977,0.21131,0.120474,0.105346,0.0149813,0.136831
0.0142405,0.0595534,0.107639,0.116667,0.120474,0.10456,0.0174782,0.136831
0.0150316,0.0620347,0.099537,0.114881,0.115481,0.100629,0.0137328,0.132716
0.0174051,0.0620347,0.115741,0.154762,0.102996,0.102201,0.00998752,0.103909
0.0268987,0.057072,0.122685,0.164286,0.0917603,0.0833333,0.0124844,0.095679
0.0292722,0.0504549,0.12037,0.165476,0.0811486,0.0676101,0.00749064,0.0606996
0.0593354,0.0471464,0.11169,0.16131,0.0692884,0.0644654,0.00499376,0.0565844
0.0640823,0.0438379,0.113426,0.1625,0.0636704,0.0566038,0.0149813,0.0555556
0.0973101,0.0355666,0.0949074,0.128571,0.0561798,0.0518868,0.0237204,0.0514403
0.133703,0.0330852,0.0717593,0.0952381,0.0505618,0.0503145,0.0224719,0.0617284
0.144778,0.0281224,0.0688657,0.0916667,0.0405743,0.0345912,0.031211,0.0668724
0.155063,0.0248139,0.0775463,0.1125,0.0549313,0.033805,0.0362047,0.0843621
0.174051,0.0223325,0.0763889,0.1125,0.0524345,0.0345912,0.0337079,0.117284
0.159019,0.0248139,0.0706019,0.110714,0.0848939,0.0731132,0.0337079,0.147119
0.135285,0.019024,0.0590278,0.102381,0.0992509,0.091195,0.0362047,0.15535
0.147152,0.0223325,0.0462963,0.203571,0.104869,0.251572,0.0349563,0.154321
0.131329,0.025641,0.0393519,0.383929,0.119226,0.294811,0.0349563,0.154321
0.106804,0.0239868,0.0381944,0.577381,0.124844,0.331761,0.0324594,0.128601
0.103639,0.025641,0.0399306,0.596429,0.114232,0.334906,0.0287141,0.0977366
0.0917722,0.0281224,0.0451389,0.605952,0.108614,0.33805,0.0324594,0.0812757
0.0522152,0.0264682,0.046875,0.578571,0.105493,0.250786,0.0274657,0.0812757
0.0324367,0.0231596,0.0381944,0.472619,0.0911361,0.206761,0.0274657,0.063786
0.0237342,0.0248139,0.0358796,0.194643,0.0861423,0.167453,0.0324594,0.058642
0.0174051,0.0198511,0.0300926,0.119048,0.071161,0.146226,0.0986267,0.0493827
0.0150316,0.0198511,0.0225694,0.0565476,0.0599251,0.129717,0.11985,0.0432099
0.00791139,0.0198511,0.015625,0.0428571,0.0561798,0.111635,0.129838,0.0411523
0.00632911,0.0181969,0.0150463,0.039881,0.0617978,0.0951258,0.134831,0.0390946
0.00474684,0.0206782,0.0121528,0.0702381,0.0642946,0.0471698,0.137328,0.0432099
0.00474684,0.0198511,0.0109954,0.0732143,0.0686642,0.0471698,0.0986267,0.0504115
0.00632911,0.0165426,0.00983796,0.0732143,0.0705368,0.0440252,0.0736579,0.0493827
0.00632911,0.0157155,0.00810185,0.0726191,0.088015,0.0495283,0.0586767,0.0462963
0.00791139,0.0198511,0.00810185,0.0726191,0.0799001,0.0455975,0.0499376,0.0390946
0.00870253,0.0165426,0.00868056,0.0404762,0.0730337,0.0440252,0.0449438,0.031893
0.0110759,0.0181969,0.00810185,0.0363095,0.076779,0.0416667,0.0337079,0.0216049
0.0110759,0.0198511,0.00925926,0.0375,0.088015,0.0503145,0.0237204,0.0216049
0.0102848,0.0223325,0.015625,0.0375,0.0817728,0.0393082,0.0212235,0.0154321
0.00870253,0.0215054,0.0266204,0.0511905,0.0867665,0.0495283,0.0149813,0.0164609
0.00632911,0.0206782,0.0399306,0.0547619,0.0986267,0.0542453,0.00873908,0.0154321
0.00553797,0.0181969,0.0486111,0.0702381,0.10362,0.0762579,0.011236,0.0144033
0.00870253,0.0215054,0.0630787,0.0857143,0.0973783,0.0738994,0.0149813,0.0154321
0.00949367,0.0215054,0.0671296,0.089881,0.0917603,0.0707547,0.0162297,0.0123457
0.00949367,0.0239868,0.0671296,0.0803571,0.0805243,0.0668239,0.0162297,0.0144033
0.0134494,0.0281224,0.0671296,0.0833333,0.0717853,0.0652516,0.0137328,0.0164609
0.0181962,0.0430108,0.0665509,0.0827381,0.0561798,0.0448113,0.0124844,0.0154321
0.0213608,0.0421836,0.0706019,0.0839286,0.0530587,0.0400943,0.00998752,0.0205761
0.0221519,0.0488007,0.0856481,0.1375,0.0486891,0.0393082,0.0062422,0.0185185
0.0292722,0.0661704,0.11169,0.167857,0.0536829,0.047956,0.00749064,0.0226337
0.028481,0.070306,0.144097,0.189881,0.0499376,0.0455975,0.00873908,0.0216049
0.0411392,0.0860215,0.152199,0.190476,0.0536829,0.043239,0.0137328,0.0709877
0.0403481,0.0926385,0.170139,0.210714,0.0574282,0.0463836,0.0137328,0.0761317
0.0403481,0.0885029,0.170718,0.184524,0.06804,0.0566038,0.0137328,0.0771605
0.0371835,0.0769231,0.155093,0.160714,0.0692884,0.0416667,0.0137328,0.0802469
0.0371835,0.0777502,0.123843,0.133333,0.0780275,0.0463836,0.019975,0.0833333
0.0197785,0.0496278,0.112847,0.128571,0.0755306,0.052673,0.019975,0.0473251
0.0189873,0.038048,0.0706019,0.0803571,0.0799001,0.0511006,0.019975,0.0380658
0.0166139,0.0355666,0.0439815,0.0607143,0.0724095,0.0416667,0.0224719,0.0390946
0.0126582,0.0297767,0.0364583,0.052381,0.0661673,0.0424528,0.0237204,0.0308642
0.00870253,0.0107527,0.0266204,0.0416667,0.0505618,0.0369497,0.0149813,0.0257202
0.0102848,0.0140612,0.0167824,0.0309524,0.0524345,0.0345912,0.011236,0.0154321
0.00712025,0.0206782,0.0121528,0.035119,0.0436954,0.0322327,0.0124844,0.0164609
0.00791139,0.0330852,0.0104167,0.0494048,0.0717853,0.0455975,0.0162297,0.0216049
0.0110759,0.0347395,0.0104167,0.0595238,0.0780275,0.052673,0.0162297,0.0205761
0.0118671,0.0388751,0.00925926,0.0660714,0.0998752,0.052673,0.0212235,0.0246914
0.0102848,0.038048,0.00925926,0.0714286,0.122347,0.0487421,0.0262172,0.0257202
0.00870253,0.0347395,0.0104167,0.0720238,0.126717,0.0495283,0.0249688,0.0257202
0.0118671,0.0264682,0.0167824,0.0642857,0.114856,0.0400943,0.019975,0.0216049
0.00949367,0.0355666,0.0179398,0.060119,0.120474,0.0424528,0.019975,0.0277778
0.00870253,0.0355666,0.0202546,0.0535714,0.104245,0.0487421,0.0162297,0.0236626
0.00791139,0.038048,0.021412,0.0505952,0.0886392,0.052673,0.00998752,0.0298354
0.0102848,0.0388751,0.0231481,0.0452381,0.102996,0.052673,0.00998752,0.0288066
0.00949367,0.0363937,0.0225694,0.0416667,0.0961298,0.052673,0.0062422,0.0257202
0.0110759,0.0239868,0.0231481,0.035119,0.0861423,0.0518868,0.0062422,0.0205761
0.0118671,0.0198511,0.0219907,0.0386905,0.0923845,0.0471698,0.00749064,0.0205761
0.0118671,0.0165426,0.0208333,0.035119,0.0923845,0.047956,0.00749064,0.0154321
0.00949367,0.0165426,0.0202546,0.035119,0.0661673,0.0573899,0.0062422,0.0144033
0.0150316,0.0504549,0.0190972,0.035119,0.0749064,0.0621069,0.00749064,0.0133745
0.0158228,0.0595534,0.0179398,0.0333333,0.0792759,0.0605346,0.00749064,0.0185185
0.0189873,0.0620347,0.0173611,0.0297619,0.0736579,0.0754717,0.00873908,0.0185185
0.0197785,0.0603805,0.0167824,0.0267857,0.0593009,0.0786164,0.00873908,0.0185185
0.0253165,0.0587262,0.015625,0.0220238,0.0580524,0.072327,0.0124844,0.0174897
0.0213608,0.0330852,0.0115741,0.0214286,0.0468165,0.0683962,0.0149813,0.0205761
0.0213608,0.019024,0.0104167,0.025,0.0430712,0.0856918,0.0162297,0.0205761
0.0197785,0.0165426,0.0109954,0.0238095,0.0449438,0.0943396,0.0137328,0.0277778
0.0205696,0.019024,0.0121528,0.0244048,0.0468165,0.0959119,0.0137328,0.0329218
0.0142405,0.0173697,0.0115741,0.022619,0.071161,0.122642,0.0149813,0.037037
0.0118671,0.0148883,0.0115741,0.022619,0.0705368,0.123428,0.0174782,0.0380658
0.0110759,0.0198511,0.0133102,0.0178571,0.0774032,0.120283,0.0162297,0.0452675
0.0110759,0.0281224,0.0133102,0.0178571,0.0761548,0.123428,0.0162297,0.0452675
0.0166139,0.0306038,0.0138889,0.0214286,0.076779,0.136006,0.0187266,0.0473251
0.0213608,0.0388751,0.021412,0.0232143,0.0786517,0.121855,0.0174782,0.0617284
0.0268987,0.0785773,0.0364583,0.0672619,0.136704,0.160377,0.0362047,0.13786
0.028481,0.0959471,0.0474537,0.0982143,0.162297,0.170597,0.0399501,0.160494
0.0300633,0.0984285,0.0543981,0.11369,0.203496,0.183962,0.0474407,0.170782
0.0245253,0.114971,0.0601852,0.147024,0.24407,0.220126,0.0749064,0.180041
0.0245253,0.116625,0.0648148,0.219643,0.268414,0.285377,0.0911361,0.191358
0.0253165,0.0976013,0.072338,0.245238,0.270911,0.303459,0.0898876,0.158436
0.028481,0.0802316,0.0665509,0.24881,0.267166,0.327044,0.0948814,0.138889
0.0363924,0.0785773,0.0706019,0.275595,0.333958,0.38522,0.17603,0.149177
0.0506329,0.0562448,0.0769676,0.280357,0.36392,0.400157,0.202247,0.17284
0.056962,0.0554177,0.0775463,0.244048,0.415106,0.415881,0.213483,0.16358
0.0593354,0.0471464,0.0677083,0.227976,0.488764,0.408805,0.244694,0.161523
0.0609177,0.0471464,0.0711806,0.233333,0.559301,0.446541,0.259675,0.168724
0.0601266,0.0488007,0.072338,0.220238,0.556804,0.437107,0.229713,0.162551
0.0498418,0.0521092,0.0625,0.209524,0.54432,0.415881,0.218477,0.135802
0.0403481,0.0430108,0.0555556,0.192262,0.497503,0.365566,0.203496,0.126543
0.0379747,0.063689,0.0625,0.189286,0.481898,0.439465,0.25593,0.149177
0.0419304,0.0719603,0.0787037,0.211905,0.520599,0.418239,0.280899,0.161523
0.0450949,0.0769231,0.083912,0.217857,0.493758,0.403302,0.294632,0.171811
0.0466772,0.0818859,0.0885417,0.216667,0.506242,0.408019,0.318352,0.195473
0.0545886,0.0918114,0.0983796,0.2375,0.546816,0.466981,0.393258,0.205761
0.0664557,0.0860215,0.0972222,0.248214,0.581149,0.40173,0.379526,0.217078
0.0704114,0.0818859,0.0931713,0.229762,0.558677,0.426101,0.406991,0.207819
0.0688291,0.0909843,0.0920139,0.218452,0.583021,0.441038,0.47191,0.225309
0.0783228,0.0909843,0.0914352,0.2125,0.60362,0.467767,0.470662,0.217078
0.0933544,0.0885029,0.0885417,0.220833,0.641074,0.454403,0.426966,0.242798
0.0886076,0.0843672,0.210069,0.250595,0.589888,0.455189,0.433208,0.223251
0.30538,0.0885029,0.262153,0.334524,0.57241,0.440252,0.388265,0.227366
0.573576,0.0719603,0.284144,0.332143,0.543071,0.397799,0.315855,0.193416
0.602848,0.0669975,0.296296,0.357738,0.542447,0.39544,0.302122,0.190329
0.616297,0.0587262,0.300347,0.345833,0.515606,0.349057,0.290886,0.158436
0.620253,0.0529363,0.234375,0.320238,0.493134,0.321541,0.250936,0.138889
0.542722,0.0438379,0.172454,0.218452,0.421973,0.281447,0.252185,0.119342
0.246835,0.0405294,0.126157,0.230952,0.420724,0.293239,0.219725,0.114198
0.161392,0.0314309,0.0931713,0.189881,0.36829,0.249214,0.210986,0.0915638
0.0901899,0.0322581,0.0729167,0.18631,0.275905,0.253931,0.212235,0.0668724
0.0561709,0.0289495,0.046875,0.157738,0.276529,0.256289,0.203496,0.0617284
0.0356013,0.0223325,0.0341435,0.151786,0.279026,0.234277,0.189763,0.0606996
0.0268987,0.019024,0.0335648,0.105952,0.250936,0.211478,0.174782,0.0555556
0.0237342,0.0231596,0.0347222,0.0922619,0.21598,0.180818,0.144819,0.058642
0.0205696,0.0198511,0.0283565,0.0672619,0.200999,0.133648,0.113608,0.0545267
0.0181962,0.0181969,0.0248843,0.0642857,0.154182,0.117925,0.0686642,0.0504115
0.0150316,0.0173697,0.0196759,0.0505952,0.117978,0.091195,0.0461923,0.0442387
0.0126582,0.0132341,0.015625,0.0422619,0.0886392,0.0605346,0.0362047,0.0442387
0.0126582,0.0198511,0.00752315,0.027381,0.062422,0.0377358,0.031211,0.0277778
0.0126582,0.0372208,0.00925926,0.0220238,0.0449438,0.0267296,0.019975,0.0236626
0.0166139,0.152192,0.021412,0.0244048,0.0305868,0.0227987,0.019975,0.0257202
0.0181962,0.246485,0.0266204,0.0255952,0.0287141,0.0212264,0.0212235,0.0390946
0.034019,0.290323,0.046875,0.0339286,0.0274657,0.0290881,0.0212235,0.100823
0.0403481,0.321754,0.0734954,0.035119,0.0274657,0.0322327,0.019975,0.121399
0.0530063,0.426799,0.102431,0.0505952,0.0362047,0.052673,0.0249688,0.136831
0.0704114,0.548387,0.117477,0.0696429,0.0505618,0.0841195,0.0249688,0.217078
0.096519,0.594706,0.195602,0.089881,0.0649189,0.110063,0.0474407,0.363169
0.113133,0.638544,0.239005,0.114286,0.0842697,0.124214,0.0574282,0.383745
0.134494,0.671629,0.28125,0.125595,0.0917603,0.139937,0.062422,0.417695
0.146361,0.730356,0.331597,0.164881,0.111111,0.164308,0.0661673,0.446502
0.166139,0.670802,0.395833,0.239286,0.116105,0.163522,0.082397,0.446502
0.160601,0.646816,0.382523,0.281548,0.128589,0.163522,0.0736579,0.353909
0.15269,0.596361,0.364005,0.275,0.118602,0.153302,0.0661673,0.31893
0.14557,0.626964,0.439815,0.28631,0.12422,0.154088,0.0636704,0.271605
0.140032,0.523573,0.460648,0.27381,0.117978,0.130503,0.062422,0.235597
0.179589,0.540943,0.486111,0.235714,0.123596,0.121069,0.0449438,0.177984
0.182753,0.499586,0.48206,0.225595,0.111111,0.101415,0.0374532,0.566872
0.178797,0.506203,0.498264,0.255357,0.118602,0.103774,0.0399501,0.769547
0.174842,0.426799,0.448495,0.255357,0.117353,0.0849057,0.0374532,0.813786
0.189873,0.449132,0.447338,0.260119,0.110487,0.0825472,0.0399501,0.859053
0.173259,0.437552,0.426505,0.276786,0.0961298,0.0786164,0.0461923,0.880658
0.201741,0.448304,0.475694,0.283929,0.104245,0.0825472,0.0524345,0.700617
0.207278,0.540943,0.494213,0.310714,0.112984,0.0841195,0.0599251,0.515432
0.21519,0.558313,0.483796,0.342857,0.121099,0.086478,0.0649189,0.516461
0.219146,0.53598,0.524306,0.424405,0.154806,0.0856918,0.062422,0.578189
0.214399,0.500414,0.527199,0.492857,0.184145,0.0880503,0.0649189,0.563786
0.206487,0.540116,0.515625,0.497024,0.198502,0.0982704,0.0836454,0.627572
0.218354,0.454094,0.552662,0.542262,0.214107,0.10456,0.0961298,0.631687
0.239715,0.430935,0.611111,0.569048,0.213483,0.110849,0.101124,0.610082
0.22231,0.441687,0.584491,0.547024,0.194132,0.103774,0.104869,0.489712
0.215981,0.470637,0.651042,0.527976,0.198502,0.127358,0.109863,0.537037
0.219937,0.450786,0.667245,0.554762,0.199126,0.128145,0.118602,0.540123
0.275316,0.645161,0.69213,0.514881,0.177903,0.121855,0.128589,0.600823
0.416139,0.747725,0.667245,0.473214,0.19226,0.124214,0.128589,0.597737
0.686709,0.842018,0.66088,0.475595,0.21598,0.316038,0.36829,0.626543
0.750791,0.837055,0.671875,0.427976,0.236579,0.436321,0.435705,0.611111
0.894778,0.857734,0.747685,0.380952,0.438202,0.474843,0.473159,0.553498
0.914557,0.73201,0.791667,0.36131,0.558677,0.488208,0.503121,0.453704
0.897152,0.61952,0.793981,0.34881,0.576155,0.495283,0.516854,0.425926
0.84731,0.445823,0.767361,0.284524,0.564919,0.403302,0.401998,0.37963
0.785601,0.38627,0.659144,0.248214,0.547441,0.256289,0.337079,0.314815
0.610759,0.261373,0.514468,0.2125,0.392634,0.169025,0.274657,0.300412
0.550633,0.16708,0.293981,0.155952,0.182272,0.124214,0.202247,0.304527
0.47231,0.124897,0.142361,0.122024,0.0724095,0.0809748,0.163546,0.291152
0.114715,0.0686518,0.0873843,0.0839286,0.0661673,0.0463836,0.0923845,0.365226
0.101266,0.0578991,0.0752315,0.0678571,0.0424469,0.0377358,0.0461923,0.386831
0.0743671,0.0289495,0.0491898,0.047619,0.0262172,0.033805,0.0349563,0.356996
0.0537975,0.0264682,0.0422454,0.0375,0.0212235,0.0283019,0.0374532,0.330247
0.0427215,0.0239868,0.0399306,0.0380952,0.0243446,0.0220126,0.0524345,0.31893
0.0387658,0.0215054,0.0381944,0.0357143,0.0262172,0.0180818,0.102372,0.199588
0.0371835,0.0181969,0.0387731,0.0345238,0.0262172,0.0141509,0.109863,0.127572
0.0348101,0.0165426,0.0364583,0.035119,0.0268414,0.00943396,0.107366,0.090535
0.039557,0.0157155,0.0329861,0.0321429,0.0274657,0.00707547,0.109863,0.106996
0.0332278,0.0124069,0.0306713,0.0315476,0.0243446,0.00786164,0.269663,0.123457
0.0371835,0.0140612,0.0300926,0.0321429,0.0230961,0.00628931,0.337079,0.18107
0.0403481,0.019024,0.0237269,0.0279762,0.0205993,0.00786164,0.357054,0.219136
0.0403481,0.019024,0.025463,0.0285714,0.0205993,0.0086478,0.365793,0.243827
0.0427215,0.0181969,0.0248843,0.0315476,0.0193508,0.0086478,0.367041,0.253086
0.0640823,0.0239868,0.0237269,0.0327381,0.0224719,0.0180818,0.267166,0.3107
0.073576,0.0239868,0.0248843,0.0386905,0.025593,0.0196541,0.183521,0.360082
0.090981,0.0281224,0.0300926,0.0583333,0.0362047,0.0243711,0.411985,0.411523
0.109177,0.038048,0.0358796,0.0654762,0.0387016,0.047956,0.469413,0.463992
0.128956,0.0488007,0.0405093,0.0732143,0.0418227,0.0621069,0.622971,0.48251
0.121835,0.0488007,0.0416667,0.0761905,0.0518102,0.081761,0.63171,0.47428
0.125,0.0496278,0.0445602,0.0809524,0.10799,0.41195,0.682896,0.451646
0.117089,0.044665,0.0480324,0.0833333,0.138577,0.581761,0.573034,0.411523
0.109177,0.038048,0.0445602,0.0839286,0.143571,0.622642,0.581773,0.347737
0.0878165,0.025641,0.0462963,0.0779762,0.146067,0.643868,0.429463,0.309671
0.096519,0.0231596,0.0497685,0.0904762,0.150437,0.662736,0.426966,0.257202
0.0830696,0.0231596,0.0491898,0.100595,0.159176,0.53695,0.388265,0.226337
0.0767405,0.0248139,0.0480324,0.119643,0.203496,0.380503,0.399501,0.199588
0.0704114,0.025641,0.0619213,0.138095,0.316479,0.34434,0.364544,0.192387
0.0838608,0.0272953,0.0648148,0.197024,0.407615,0.374214,0.369538,0.195473
0.0799051,0.0289495,0.0758102,0.314881,0.495006,0.345912,0.364544,0.188272
0.090981,0.0272953,0.0833333,0.321429,0.523096,0.330975,0.330836,0.175926
0.0893987,0.0264682,0.0821759,0.317262,0.509988,0.297956,0.290886,0.154321
0.0878165,0.0264682,0.0862269,0.339881,0.514357,0.259434,0.219725,0.139918
0.0759494,0.0248139,0.0833333,0.331548,0.490637,0.164308,0.186017,0.134774
0.096519,0.025641,0.293403,0.321429,0.54432,0.440252,0.186017,0.141975
0.356013,0.0529363,0.589699,0.549405,0.632335,0.485849,0.345818,0.160494
0.657437,0.255583,0.708912,0.709524,0.661049,0.523585,0.435705,0.207819
0.696994,0.294458,0.821181,0.764881,0.644819,0.649371,0.583021,0.315844
0.75,0.328371,0.903935,0.876786,0.70412,0.709906,0.667915,0.485597
0.772152,0.383788,0.977431,0.965476,0.667915,0.688679,0.875156,0.621399
0.726266,0.425145,0.929398,0.955952,0.657928,0.710692,0.88015,0.684156
0.515823,0.35153,1.0,1.0,0.639201,0.734277,0.932584,0.715021
0.488133,0.331679,0.979167,0.981548,0.661673,0.660377,0.907615,0.687243
0.40981,0.306865,0.905671,0.882143,0.666667,0.613208,0.891386,0.584362
0.360759,0.236559,0.776042,0.769643,0.616729,0.657233,0.701623,0.442387
0.272943,0.148883,0.655093,0.644048,0.518102,0.639151,0.682896,0.319959
0.177215,0.111663,0.375,0.363095,0.496879,0.609277,0.565543,0.205761
0.0893987,0.0752688,0.114005,0.26131,0.416979,0.582547,0.466916,0.150206
0.0672468,0.0587262,0.112847,0.242857,0.217853,0.560535,0.372035,0.118313
0.0553797,0.0496278,0.0925926,0.159524,0.157928,0.333333,0.339576,0.0812757
0.0553797,0.0430108,0.0810185,0.120833,0.0886392,0.241352,0.158552,0.0545267
0.0506329,0.0438379,0.0752315,0.085119,0.0686642,0.143868,0.093633,0.0432099
0.0458861,0.0438379,0.0729167,0.077381,0.0543071,0.0872642,0.186017,0.0411523
0.0324367,0.0330852,0.0381944,0.0482143,0.0480649,0.0550314,0.219725,0.0380658
0.0506329,0.0537634,0.0422454,0.0434524,0.036829,0.052673,0.225968,0.0473251
0.0482595,0.0554177,0.0416667,0.0357143,0.0287141,0.0345912,0.225968,0.0493827
0.0482595,0.0554177,0.041088,0.0339286,0.025593,0.0330189,0.217228,0.0493827
0.0466772,0.0521092,0.0393519,0.0297619,0.0243446,0.0314465,0.127341,0.0473251
0.0466772,0.044665,0.0364583,0.0517857,0.031211,0.0322327,0.0674157,0.0462963
0.0213608,0.0215054,0.0208333,0.0488095,0.0343321,0.0306604,0.0362047,0.0349794
0.0205696,0.0231596,0.0237269,0.0547619,0.0343321,0.0330189,0.0337079,0.0288066
0.0181962,0.0223325,0.0237269,0.0553571,0.0362047,0.0330189,0.0349563,0.0246914
0.0197785,0.0239868,0.0243056,0.060119,0.0380774,0.0495283,0.0374532,0.0205761
0.0181962,0.0272953,0.0289352,0.0708333,0.0399501,0.0794025,0.0586767,0.0308642
0.0189873,0.0248139,0.0277778,0.0755952,0.0343321,0.0801887,0.0586767,0.031893
0.0142405,0.019024,0.0248843,0.0720238,0.0324594,0.0778302,0.0561798,0.0308642
0.0174051,0.0206782,0.0260417,0.075,0.0318352,0.077044,0.0561798,0.031893
0.0189873,0.0206782,0.0243056,0.0714286,0.0305868,0.0683962,0.0549313,0.037037
0.0166139,0.0198511,0.108218,0.0416667,0.0187266,0.0463836,0.0299625,0.0246914
0.0181962,0.0322581,0.29919,0.0303571,0.0243446,0.0534591,0.0349563,0.0298354
0.0174051,0.0512821,0.490741,0.0375,0.031211,0.0621069,0.0474407,0.0390946
0.022943,0.0587262,0.696181,0.0357143,0.0411985,0.077044,0.0561798,0.0411523
0.0458861,0.0620347,0.747106,0.0464286,0.0461923,0.0919811,0.0661673,0.0421811
0.109968,0.0678246,0.855324,0.0577381,0.0549313,0.111635,0.082397,0.0493827
0.121835,0.0661704,0.936921,0.0613095,0.0543071,0.11478,0.0861423,0.0452675
0.128165,0.0554177,0.858796,0.0613095,0.0549313,0.119497,0.0861423,0.0421811
0.133703,0.0529363,0.715278,0.0607143,0.0593009,0.11478,0.0811486,0.0401235
0.127373,0.0521092,0.66956,0.0636905,0.0636704,0.110063,0.0836454,0.0421811
0.0933544,0.0521092,0.519676,0.0672619,0.0574282,0.0927673,0.0724095,0.0401235
0.0838608,0.0521092,0.248843,0.0678571,0.0786517,0.125,0.106117,0.0442387
0.0759494,0.08933,0.241898,0.0726191,0.0848939,0.134434,0.107366,0.0421811
0.0625,0.0860215,0.208912,0.075,0.0780275,0.136006,0.111111,0.0504115
0.0593354,0.0885029,0.189236,0.0672619,0.0911361,0.131289,0.10362,0.0442387
0.0316456,0.08933,0.168981,0.0571429,0.141698,0.124214,0.0998752,0.0390946
0.0205696,0.08933,0.127315,0.0571429,0.156679,0.091195,0.062422,0.0360082
0.0308544,0.0926385,0.0885417,0.047619,0.162297,0.0644654,0.0536829,0.0401235
0.0356013,0.205128,0.0717593,0.0416667,0.225343,0.0558176,0.0436954,0.0298354
0.0411392,0.258065,0.0636574,0.0380952,0.259051,0.0558176,0.0399501,0.0308642
0.0530063,0.272126,0.0665509,0.0386905,0.291511,0.0621069,0.0436954,0.026749
0.122627,0.320926,0.052662,0.0333333,0.31211,0.0597484,0.0387016,0.0226337
0.16693,0.392887,0.0445602,0.0434524,0.335206,0.0707547,0.0424469,0.0123457
0.19462,0.371381,0.0428241,0.0434524,0.324594,0.0794025,0.0411985,0.0154321
0.204114,0.35732,0.046875,0.0666667,0.32397,0.110849,0.0449438,0.0216049
0.219146,0.352357,0.0428241,0.0755952,0.329588,0.129717,0.0399501,0.0308642
0.186709,0.310174,0.0434028,0.0738095,0.31211,0.144654,0.0374532,0.0401235
0.144778,0.204301,0.0457176,0.0666667,0.303995,0.139151,0.0287141,0.0401235
0.105222,0.157155,0.046875,0.0767857,0.554931,0.146226,0.0461923,0.0401235
0.0878165,0.11249,0.0549769,0.0684524,0.779026,0.129717,0.0561798,0.0442387
0.068038,0.0959471,0.0578704,0.0547619,0.878277,0.121855,0.0561798,0.0380658
0.135285,0.0901572,0.0607639,0.0559524,0.883895,0.101415,0.0536829,0.0298354
0.147152,0.104218,0.306134,0.0571429,0.970662,0.117925,0.0549313,0.0329218
0.148734,0.128205,0.466435,0.0541667,0.990637,0.113994,0.0424469,0.0360082
0.146361,0.139785,0.53588,0.0505952,0.946317,0.121069,0.0324594,0.0308642
0.133703,0.159636,0.548611,0.05,0.887016,0.113208,0.0337079,0.0462963
0.0648734,0.167907,0.564815,0.0535714,0.953808,0.115566,0.0299625,0.0483539
0.0403481,0.168734,0.503472,0.0619048,0.868914,0.0974843,0.0287141,0.0534979
0.056962,0.220844,0.430556,0.0815476,0.694132,0.0904088,0.0499376,0.0699589
0.0625,0.224152,0.37037,0.113095,0.662921,0.0715409,0.0699126,0.0823045
0.0593354,0.237386,0.431713,0.164881,0.792135,0.0738994,0.0848939,0.0936214
0.0988924,0.27378,0.538194,0.167262,0.826467,0.0801887,0.0911361,0.125514
0.112342,0.289495,0.571759,0.172024,0.824594,0.103774,0.0986267,0.164609
0.123418,0.265509,0.542245,0.160119,0.832709,0.108491,0.0873908,0.173868
0.214399,0.408602,0.533565,0.147619,0.713483,0.113994,0.0861423,0.231481
0.376582,0.432589,0.542824,0.134524,0.489388,0.204403,0.0761548,0.230453
0.420886,0.44086,0.543403,0.144643,0.222846,0.257862,0.0749064,0.231481
0.447785,0.450786,0.523727,0.170833,0.191635,0.252358,0.0749064,0.203704
0.474684,0.44665,0.50463,0.192262,0.156055,0.255503,0.0749064,0.190329
0.561709,0.355666,0.498843,0.206548,0.145443,0.258648,0.0699126,0.130658
0.577532,0.327543,0.424769,0.18631,0.136704,0.200472,0.0873908,0.151235
0.622627,0.292804,0.249421,0.181548,0.118602,0.127358,0.0898876,0.167695
0.673259,0.266336,0.157407,0.153571,0.129213,0.150943,0.101124,0.200617
0.678006,0.261373,0.151042,0.145238,0.265918,0.244497,0.124844,0.281893
0.595728,0.227461,0.129051,0.135119,0.310237,0.301101,0.146067,0.296296
0.540348,0.233251,0.140046,0.182738,0.430087,0.347484,0.181024,0.316872
0.463608,0.253929,0.148727,0.228571,0.470037,0.386006,0.222222,0.302469
0.436709,0.287841,0.168981,0.325,0.529338,0.512579,0.269663,0.302469
0.455696,0.288668,0.171296,0.365476,0.474407,0.552673,0.329588,0.244856
0.508703,0.28536,0.173032,0.383333,0.496255,0.555031,0.380774,0.222222
0.56962,0.278743,0.155671,0.368452,0.418227,0.560535,0.39201,0.235597
0.580696,0.25641,0.158565,0.348214,0.417603,0.596698,0.413233,0.240741
0.530063,0.220844,0.121528,0.279762,0.407615,0.518082,0.384519,0.219136
0.496835,0.261373,0.124421,0.251786,0.430087,0.459119,0.358302,0.260288
0.481804,0.261373,0.120949,0.233333,0.390137,0.477987,0.394507,0.295267
0.431171,0.245658,0.126736,0.302381,0.390762,0.455189,0.377029,0.29321
0.480222,0.249793,0.118056,0.379167,0.393883,0.412736,0.337079,0.334362
0.581487,0.263854,0.119792,0.392262,0.38764,0.415094,0.353308,0.352881
0.634494,0.219189,0.10706,0.379167,0.384519,0.399371,0.325843,0.338477
0.633703,0.212572,0.125,0.41131,0.391386,0.402516,0.267166,0.366255
0.59019,0.204301,0.105324,0.360119,0.425718,0.402516,0.262172,0.345679
0.535601,0.191894,0.0966435,0.293452,0.39638,0.398585,0.282147,0.324074
0.427215,0.151365,0.0960648,0.267857,0.368914,0.380503,0.25593,0.311728
0.335443,0.133995,0.115162,0.269643,0.367665,0.408805,0.273408,0.295267
0.255538,0.135649,0.144676,0.297619,0.371411,0.399371,0.230961,0.290123
0.287975,0.148883,0.156829,0.367262,0.308989,0.400157,0.219725,0.277778
0.290348,0.148056,0.15625,0.36369,0.31211,0.380503,0.210986,0.259259
0.309335,0.157982,0.160301,0.369048,0.266542,0.430031,0.315855,0.25823
0.325949,0.157155,0.157986,0.38869,0.24407,0.414308,0.315855,0.245885
0.375791,0.143093,0.134838,0.320833,0.207865,0.420597,0.303371,0.199588
0.411392,0.124897,0.123264,0.248214,0.215356,0.411164,0.332085,0.192387
0.448576,0.134822,0.131366,0.239286,0.186017,0.418239,0.32834,0.209877
0.458861,0.141439,0.145833,0.313095,0.232834,0.388365,0.307116,0.240741
0.447785,0.138131,0.131366,0.278571,0.237203,0.362421,0.302122,0.242798
0.410601,0.127378,0.108218,0.27619,0.221598,0.281447,0.303371,0.208848
0.329114,0.133168,0.111111,0.267262,0.19975,0.259434,0.285893,0.204733
0.289557,0.138958,0.10706,0.299405,0.212235,0.241352,0.275905,0.253086
0.256329,0.113317,0.0815972,0.208333,0.165418,0.158019,0.196005,0.22428
0.314082,0.162117,0.0954861,0.221429,0.142322,0.15173,0.186017,0.234568
0.339399,0.18445,0.0983796,0.235119,0.136704,0.15173,0.181024,0.271605
0.396361,0.29115,0.101852,0.233929,0.134831,0.159591,0.177278,0.389918
0.478639,0.330025,0.112847,0.179762,0.104245,0.126572,0.179775,0.41358
0.695411,0.370554,0.183449,0.184524,0.0948814,0.118711,0.174782,0.442387
0.920095,0.427626,0.261574,0.209524,0.0842697,0.111635,0.17603,0.507202
0.940665,0.55335,0.314815,0.222619,0.093633,0.113208,0.204744,0.550412
0.954114,0.543424,0.329282,0.241071,0.108614,0.11478,0.210986,0.631687
0.934335,0.593052,0.33044,0.24881,0.115481,0.115566,0.228464,0.614198
0.793513,0.616212,0.322338,0.292262,0.123596,0.122642,0.254682,0.626543
0.529272,0.597188,0.274884,0.261905,0.127341,0.128931,0.263421,0.701646
0.511867,0.529363,0.221065,0.252976,0.133583,0.127358,0.243446,0.691358
0.460443,0.516129,0.25,0.254167,0.122971,0.121855,0.228464,0.623457
0.439082,0.451613,0.265625,0.258929,0.117353,0.11478,0.218477,0.677984
0.419304,0.389578,0.231481,0.195238,0.100499,0.10456,0.187266,0.68107
0.378165,0.34574,0.214699,0.205357,0.0973783,0.0959119,0.166042,0.581276
0.325158,0.259719,0.208912,0.185714,0.117978,0.102987,0.157303,0.558642
0.325949,0.200165,0.139468,0.183929,0.151685,0.158805,0.163546,0.477366
0.443038,0.135649,0.0885417,0.185119,0.170412,0.17217,0.171036,0.363169
0.451741,0.123242,0.0908565,0.233333,0.274032,0.249214,0.204744,0.29321
0.438291,0.11828,0.0792824,0.280952,0.327715,0.308176,0.249688,0.218107
0.441456,0.115798,0.0792824,0.333929,0.416979,0.362421,0.265918,0.160494
0.432753,0.122415,0.0804398,0.360714,0.511236,0.406447,0.297129,0.156379
0.33307,0.124897,0.0978009,0.425,0.541198,0.42217,0.293383,0.231481
0.481013,0.126551,0.0983796,0.439286,0.533708,0.481132,0.294632,0.244856
0.740506,0.116625,0.102431,0.42619,0.551186,0.521226,0.284644,0.256173
0.923259,0.119107,0.0949074,0.38869,0.528714,0.534591,0.329588,0.29321
0.931171,0.110008,0.0902778,0.349405,0.44819,0.491352,0.298377,0.288066
1.0,0.110835,0.0613426,0.255357,0.40824,0.474057,0.290886,0.209877
0.931962,0.101737,0.0578704,0.180357,0.364544,0.374214,0.274657,0.186214
0.746044,0.100083,0.0480324,0.128571,0.290262,0.262579,0.242197,0.173868
0.497627,0.0843672,0.0416667,0.107143,0.186642,0.131289,0.144819,0.0936214
0.469146,0.0992556,0.037037,0.10119,0.127965,0.100629,0.131086,0.0895062
0.196994,0.0860215,0.0347222,0.0767857,0.105493,0.0833333,0.0998752,0.0895062
0.164557,0.0802316,0.0162037,0.0654762,0.076779,0.0597484,0.062422,0.0802469
0.0870253,0.0711332,0.00868056,0.0440476,0.0530587,0.0400943,0.0474407,0.0401235
0.0601266,0.0711332,0.00983796,0.039881,0.0387016,0.0314465,0.0449438,0.0390946
0.0482595,0.0363937,0.00752315,0.0172619,0.0268414,0.0172956,0.0287141,0.0421811
0.0379747,0.025641,0.00810185,0.0166667,0.0237204,0.0165094,0.031211,0.0329218
0.0245253,0.0239868,0.00694444,0.0142857,0.0162297,0.0149371,0.0274657,0.0277778
0.0324367,0.0239868,0.00694444,0.0119048,0.0137328,0.0110063,0.0262172,0.0246914
0.0308544,0.0132341,0.00520833,0.010119,0.0124844,0.0102201,0.0237204,0.0216049
0.028481,0.0082713,0.00405093,0.00952381,0.00873908,0.0086478,0.0137328,0.0154321
0.0268987,0.0082713,0.00231481,0.00714286,0.00811486,0.00707547,0.0124844,0.0113169
0.022943,0.00578991,0.00173611,0.0047619,0.00749064,0.0086478,0.011236,0.0113169
0.0118671,0.00330852,0.00115741,0.0047619,0.0031211,0.0086478,0.0137328,0.00823045
0.0110759,0.0082713,0.00173611,0.00357143,0.00187266,0.00786164,0.0124844,0.00925926
0.0118671,0.0124069,0.00173611,0.00238095,0.00187266,0.00786164,0.0174782,0.00720165
0.0118671,0.0132341,0.00289352,0.00238095,0.00062422,0.00628931,0.0174782,0.00720165
0.0118671,0.0165426,0.00347222,0.00357143,0.0,0.00550314,0.0137328,0.00925926
0.0126582,0.0165426,0.00405093,0.00357143,0.00124844,0.00550314,0.00873908,0.00925926
0.0126582,0.0140612,0.00405093,0.00535714,0.00187266,0.00707547,0.00873908,0.0102881
0.0126582,0.0107527,0.00462963,0.00714286,0.00249688,0.00707547,0.0062422,0.0123457
0.0102848,0.0132341,0.00289352,0.00595238,0.00374532,0.00707547,0.0124844,0.0133745
0.00870253,0.00909843,0.00231481,0.00714286,0.00499376,0.00786164,0.0162297,0.00925926
0.00712025,0.00909843,0.00347222,0.00654762,0.00499376,0.00628931,0.0174782,0.00823045
0.00553797,0.0115798,0.00347222,0.0047619,0.00499376,0.00471698,0.0174782,0.00514403
0.0039557,0.0082713,0.00462963,0.00238095,0.00561798,0.00393082,0.0187266,0.00617284
0.00474684,0.00661704,0.00405093,0.00238095,0.00436954,0.00393082,0.0124844,0.00617284
0.0039557,0.00744417,0.00520833,0.0,0.0031211,0.00235849,0.00749064,0.00514403
0.00553797,0.00661704,0.00520833,0.000595238,0.00249688,0.00393082,0.00749064,0.00720165
0.0039557,0.00496278,0.00578704,0.000595238,0.00187266,0.00314465,0.00873908,0.00720165
0.00712025,0.00578991,0.00405093,0.00119048,0.0,0.00393082,0.00374532,0.00617284
0.00791139,0.00744417,0.00578704,0.00119048,0.00124844,0.00471698,0.00249688,0.00514403
0.00949367,0.00578991,0.00405093,0.00178571,0.00124844,0.00471698,0.00374532,0.00720165
0.0102848,0.00496278,0.00231481,0.00178571,0.00062422,0.00471698,0.00499376,0.00514403
0.0102848,0.00744417,0.00231481,0.00238095,0.0031211,0.00393082,0.00499376,0.00823045
0.00949367,0.00909843,0.00347222,0.00238095,0.00499376,0.00786164,0.0062422,0.00617284
0.0102848,0.0115798,0.00231481,0.00178571,0.00436954,0.00628931,0.00749064,0.00720165
0.0110759,0.0140612,0.00231481,0.00178571,0.00499376,0.00707547,0.00749064,0.00617284
0.0118671,0.0165426,0.00289352,0.00238095,0.00499376,0.00628931,0.00749064,0.00720165
0.0126582,0.0148883,0.00347222,0.00238095,0.0031211,0.0086478,0.00499376,0.00720165
0.0118671,0.0124069,0.00347222,0.00238095,0.00124844,0.00628931,0.00499376,0.00617284
0.0110759,0.0082713,0.00231481,0.00238095,0.00124844,0.00628931,0.00374532,0.00823045
0.00870253,0.00744417,0.00347222,0.00238095,0.0,0.00707547,0.00124844,0.0113169
0.00791139,0.00413565,0.00347222,0.00178571,0.0,0.00786164,0.00249688,0.0102881
0.00791139,0.00330852,0.00289352,0.00119048,0.00249688,0.00707547,0.00499376,0.00925926
0.00712025,0.00413565,0.00347222,0.00238095,0.0031211,0.00550314,0.00374532,0.0113169
0.00791139,0.00578991,0.00347222,0.00238095,0.00374532,0.00707547,0.00249688,0.00720165
0.00632911,0.00413565,0.00289352,0.00297619,0.00499376,0.00471698,0.00249688,0.00720165
0.0039557,0.00578991,0.00289352,0.00297619,0.00499376,0.00471698,0.00249688,0.00411523
0.00158228,0.00496278,0.00231481,0.00178571,0.0031211,0.00550314,0.00374532,0.00514403
0.00316456,0.00413565,0.00173611,0.00178571,0.00187266,0.00550314,0.00499376,0.00102881
0.0,0.00248139,0.00289352,0.00119048,0.00249688,0.00471698,0.0062422,0.00617284
0.00158228,0.0,0.00289352,0.00119048,0.00187266,0.00550314,0.00749064,0.00411523
0.00553797,0.00165426,0.00289352,0.00178571,0.00187266,0.00550314,0.00749064,0.00617284
0.00791139,0.00248139,0.00405093,0.00238095,0.00249688,0.00314465,0.0062422,0.00823045
0.00949367,0.00413565,0.00347222,0.00178571,0.00374532,0.00314465,0.00499376,0.0102881
0.00949367,0.00744417,0.00231481,0.00238095,0.0062422,0.00393082,0.00873908,0.00823045
0.00870253,0.00992556,0.00231481,0.00238095,0.00686642,0.00393082,0.00998752,0.0113169
0.00791139,0.00744417,0.00289352,0.00178571,0.0062422,0.00393082,0.011236,0.0113169
0.00712025,0.00744417,0.00462963,0.00238095,0.00686642,0.00393082,0.00998752,0.00925926
0.00474684,0.00744417,0.00694444,0.00238095,0.00686642,0.00628931,0.011236,0.00925926
0.0039557,0.00413565,0.00752315,0.00297619,0.00374532,0.00786164,0.00998752,0.00925926
0.00316456,0.00496278,0.00810185,0.00238095,0.00249688,0.00943396,0.00749064,0.00617284
0.0039557,0.00661704,0.00694444,0.00178571,0.0031211,0.0086478,0.0062422,0.00720165
0.00870253,0.00661704,0.00636574,0.00178571,0.00187266,0.0086478,0.00873908,0.0133745
0.00870253,0.00661704,0.00405093,0.00178571,0.00187266,0.00628931,0.00749064,0.0133745
0.00949367,0.00661704,0.00347222,0.00178571,0.00062422,0.00628931,0.00749064,0.0113169
0.0126582,0.00661704,0.00405093,0.00238095,0.00187266,0.00471698,0.011236,0.0123457
0.0134494,0.00496278,0.00347222,0.00238095,0.00249688,0.00393082,0.00998752,0.0133745
0.0102848,0.00413565,0.00347222,0.00178571,0.00249688,0.00314465,0.00873908,0.00720165
0.0118671,0.00330852,0.00289352,0.00178571,0.0031211,0.00550314,0.00873908,0.00925926
0.0126582,0.00413565,0.00289352,0.000595238,0.00374532,0.00235849,0.00749064,0.0113169
0.0126582,0.00496278,0.00173611,0.000595238,0.00374532,0.00235849,0.00749064,0.0102881
0.0126582,0.0082713,0.00347222,0.0,0.00374532,0.00314465,0.0062422,0.0102881
0.0134494,0.00909843,0.00462963,0.000595238,0.00249688,0.00235849,0.011236,0.0123457
0.0142405,0.0115798,0.00520833,0.000595238,0.0031211,0.00157233,0.0124844,0.0113169
0.0134494,0.0124069,0.00752315,0.00178571,0.00187266,0.00235849,0.011236,0.0144033
0.0150316,0.0140612,0.00636574,0.00178571,0.00249688,0.00314465,0.00749064,0.0123457
0.0134494,0.0115798,0.00694444,0.00297619,0.00187266,0.00550314,0.00873908,0.0123457
0.0134494,0.0115798,0.00520833,0.00297619,0.00436954,0.00628931,0.00499376,0.0102881
0.0126582,0.0115798,0.00578704,0.00297619,0.0031211,0.00628931,0.00499376,0.0113169
0.0134494,0.0124069,0.00462963,0.00297619,0.00374532,0.00707547,0.0062422,0.00823045
0.0102848,0.0082713,0.00578704,0.00416667,0.0031211,0.00707547,0.0062422,0.00720165
0.0118671,0.0124069,0.00462963,0.00357143,0.0031211,0.00786164,0.011236,0.00617284
0.0102848,0.0132341,0.00636574,0.00297619,0.0031211,0.00628931,0.00873908,0.00720165
0.00870253,0.0107527,0.00520833,0.00297619,0.00249688,0.00707547,0.00749064,0.00205761
0.00632911,0.00909843,0.00520833,0.00297619,0.00374532,0.00550314,0.00749064,0.00205761
0.00632911,0.00909843,0.00520833,0.00297619,0.0031211,0.00393082,0.00749064,0.00308642
0.0039557,0.00413565,0.00405093,0.00297619,0.00374532,0.00235849,0.00499376,0.0
0.00316456,0.00165426,0.00173611,0.00416667,0.00187266,0.00314465,0.00749064,0.00102881
0.00474684,0.00413565,0.00231481,0.00357143,0.00499376,0.000786163,0.00998752,0.00617284
0.00870253,0.00578991,0.00173611,0.00416667,0.00436954,0.00393082,0.00873908,0.00823045
0.00870253,0.0082713,0.000578704,0.00357143,0.00374532,0.00550314,0.00749064,0.00925926
0.0102848,0.00992556,0.0,0.00357143,0.00436954,0.00550314,0.0062422,0.0123457
0.0126582,0.0107527,0.0,0.00297619,0.00499376,0.00707547,0.00249688,0.0144033
0.0110759,0.0107527,0.00115741,0.00357143,0.00187266,0.00707547,0.00374532,0.0102881
0.0102848,0.00992556,0.00173611,0.00535714,0.00187266,0.00393082,0.00499376,0.00617284
0.0110759,0.00661704,0.00405093,0.0047619,0.0031211,0.00235849,0.0062422,0.00720165
0.0118671,0.0107527,0.00636574,0.0077381,0.00249688,0.00314465,0.00499376,0.00514403
0.0118671,0.0124069,0.0104167,0.00833333,0.00187266,0.00235849,0.00749064,0.00102881
0.0126582,0.0107527,0.0121528,0.010119,0.00187266,0.00393082,0.00499376,0.00205761
0.0134494,0.0132341,0.0277778,0.0380952,0.00436954,0.00550314,0.011236,0.00308642
0.0166139,0.0132341,0.0387731,0.0702381,0.00374532,0.00786164,0.0137328,0.00102881
0.0174051,0.0173697,0.0787037,0.105952,0.00561798,0.00707547,0.0149813,0.00720165
0.0158228,0.0165426,0.108796,0.159524,0.0131086,0.00943396,0.0124844,0.00720165
0.0166139,0.0181969,0.122685,0.170238,0.0149813,0.00786164,0.0137328,0.00823045
0.0237342,0.0289495,0.133102,0.184524,0.0187266,0.0212264,0.0274657,0.0133745
0.039557,0.0438379,0.20544,0.213095,0.0430712,0.0267296,0.0337079,0.0246914
0.0427215,0.0496278,0.323495,0.419643,0.0686642,0.0322327,0.0499376,0.0246914
0.051424,0.057072,0.353009,0.47381,0.0774032,0.0361635,0.0586767,0.0339506
0.0593354,0.0628619,0.354745,0.478571,0.0792759,0.0455975,0.0649189,0.0349794
0.0648734,0.0612076,0.355903,0.492857,0.0861423,0.0455975,0.0674157,0.0390946
0.056962,0.0562448,0.322917,0.483333,0.0755306,0.0448113,0.0649189,0.0329218
0.0672468,0.0562448,0.204282,0.329762,0.0561798,0.0495283,0.0674157,0.0339506
0.0704114,0.0512821,0.166667,0.265476,0.0436954,0.0511006,0.0686642,0.031893
0.0704114,0.0471464,0.170718,0.272024,0.0430712,0.0503145,0.0686642,0.0308642
0.0791139,0.0512821,0.180556,0.242262,0.0430712,0.0534591,0.0786517,0.031893
0.0838608,0.0521092,0.190394,0.279762,0.0518102,0.052673,0.0811486,0.0298354
0.0799051,0.0545906,0.179977,0.264881,0.0530587,0.0503145,0.0836454,0.0339506
0.0893987,0.0628619,0.177662,0.249405,0.0811486,0.0495283,0.0911361,0.0360082
0.105222,0.0661704,0.170139,0.25,0.128589,0.0581761,0.10362,0.0452675
0.10443,0.0603805,0.157986,0.258333,0.149813,0.0573899,0.122347,0.0524691
0.112342,0.0752688,0.136574,0.225,0.16417,0.0990566,0.318352,0.0627572
0.133703,0.0769231,0.14294,0.236905,0.246567,0.125,0.378277,0.0771605
0.125,0.082713,0.131944,0.217262,0.27216,0.15566,0.438202,0.103909
0.121835,0.11828,0.153356,0.196429,0.269663,0.159591,0.481898,0.145062
0.122627,0.132341,0.159722,0.198214,0.299625,0.177673,0.490637,0.174897
0.185127,0.133168,0.193287,0.2125,0.322722,0.202044,0.429463,0.205761
0.190665,0.218362,0.239005,0.238095,0.325843,0.207547,0.390762,0.236626
0.197785,0.296112,0.278356,0.282143,0.342072,0.210692,0.347066,0.254115
0.203323,0.356493,0.279514,0.295833,0.36829,0.279088,0.304619,0.23251
0.205696,0.375517,0.278356,0.290476,0.378277,0.341195,0.305868,0.216049
0.161392,0.403639,0.291667,0.283333,0.419476,0.393082,0.359551,0.197531
0.177215,0.425972,0.282407,0.279167,0.416355,0.503931,0.354557,0.167695
0.190665,0.401158,0.252315,0.230952,0.467541,0.596698,0.399501,0.148148
0.212025,0.427626,0.316551,0.233929,0.489388,0.617138,0.454432,0.259259
0.226266,0.425145,0.323495,0.23631,0.482522,0.61478,0.523096,0.266461
0.216772,0.404467,0.303241,0.233929,0.445069,0.581761,0.489388,0.264403
0.221519,0.411911,0.304977,0.217262,0.475031,0.543239,0.524345,0.264403
0.204114,0.396195,0.295139,0.207738,0.392634,0.437893,0.478152,0.251029
0.167722,0.303557,0.208912,0.180357,0.329588,0.36478,0.439451,0.13786
0.136867,0.282051,0.186343,0.159524,0.297753,0.322327,0.353308,0.111111
0.142405,0.276261,0.168403,0.143452,0.334582,0.404874,0.332085,0.100823
0.0838608,0.168734,0.116898,0.107738,0.234082,0.34434,0.259675,0.0792181
0.0846519,0.1555,0.103588,0.108929,0.235955,0.337264,0.270911,0.0699589
0.0814873,0.137304,0.0914352,0.104762,0.247815,0.34434,0.237203,0.058642
0.0822785,0.129032,0.0885417,0.119048,0.248439,0.337264,0.294632,0.0606996
0.0719937,0.122415,0.09375,0.115476,0.194757,0.282233,0.290886,0.0524691
0.0617089,0.137304,0.135995,0.11131,0.196629,0.277516,0.31211,0.0576132
0.0585443,0.124897,0.135995,0.107143,0.19226,0.281447,0.299625,0.0606996
0.0609177,0.130687,0.135995,0.110119,0.19226,0.271226,0.302122,0.0771605
0.0593354,0.133168,0.140046,0.0940476,0.179151,0.264937,0.233458,0.0843621
0.0427215,0.120761,0.133681,0.0744048,0.144819,0.201258,0.196005,0.0781893
0.039557,0.0818859,0.0752315,0.0636905,0.149813,0.178459,0.166042,0.0699589
0.0443038,0.0785773,0.0549769,0.075,0.181024,0.237421,0.163546,0.0699589
0.0443038,0.0736146,0.0538194,0.0696429,0.162921,0.23978,0.126092,0.0462963
0.0403481,0.082713,0.052662,0.0672619,0.163546,0.22956,0.104869,0.026749
0.039557,0.0860215,0.0578704,0.0690476,0.154806,0.212264,0.0898876,0.0257202
0.0387658,0.0769231,0.0630787,0.0708333,0.137328,0.206761,0.0911361,0.026749
0.0261076,0.0694789,0.0607639,0.0583333,0.116729,0.148585,0.0811486,0.0185185
0.0450949,0.113317,0.100116,0.0803571,0.174782,0.193396,0.132335,0.0339506
0.0838608,0.214227,0.168981,0.0934524,0.199126,0.242138,0.183521,0.0462963
0.0933544,0.233251,0.182292,0.0970238,0.197878,0.242925,0.200999,0.0504115
0.105222,0.242349,0.184028,0.10119,0.21161,0.244497,0.200999,0.0524691
0.106804,0.244003,0.188079,0.0988095,0.202247,0.231132,0.207241,0.0524691
0.096519,0.223325,0.171875,0.0815476,0.14794,0.187107,0.177278,0.0411523
0.0625,0.117452,0.101273,0.0619048,0.110487,0.11478,0.11236,0.0288066
0.0712025,0.0785773,0.068287,0.0571429,0.102372,0.105346,0.0861423,0.026749
0.090981,0.0504549,0.056713,0.085119,0.0992509,0.110063,0.0886392,0.0246914
0.154272,0.0512821,0.0480324,0.0964286,0.102996,0.110849,0.0836454,0.026749
0.161392,0.0537634,0.0399306,0.107143,0.107366,0.110849,0.0848939,0.0298354
0.170095,0.0512821,0.0387731,0.114286,0.107366,0.116352,0.0848939,0.0308642
0.163766,0.0438379,0.0422454,0.116071,0.107366,0.110063,0.0848939,0.0339506
0.14557,0.0454921,0.0434028,0.0928571,0.0805243,0.0762579,0.0599251,0.031893
0.0775316,0.0388751,0.0480324,0.0785714,0.0486891,0.0573899,0.0436954,0.0288066
0.0648734,0.0413565,0.0486111,0.0613095,0.0318352,0.043239,0.0349563,0.0246914
0.0443038,0.0397022,0.0601852,0.0488095,0.0237204,0.0275157,0.0337079,0.0226337
0.0332278,0.0339123,0.0642361,0.0357143,0.0174782,0.0204403,0.0287141,0.0144033
0.0300633,0.0355666,0.0850694,0.0327381,0.0162297,0.0141509,0.0287141,0.0113169
0.022943,0.0339123,0.0868056,0.0339286,0.0131086,0.0117925,0.0249688,0.00925926
0.0181962,0.0264682,0.0833333,0.0321429,0.0106117,0.0125786,0.0262172,0.00720165
0.0142405,0.0306038,0.0752315,0.0315476,0.0093633,0.0117925,0.019975,0.00720165
0.0134494,0.0355666,0.0700231,0.0267857,0.0106117,0.0117925,0.019975,0.00925926
0.0110759,0.0388751,0.0503472,0.0208333,0.00811486,0.0125786,0.0212235,0.0102881
0.0189873,0.0388751,0.0439815,0.0214286,0.00811486,0.0133648,0.019975,0.0133745
0.0213608,0.0595534,0.0688657,0.0261905,0.00811486,0.0102201,0.0224719,0.0205761
0.0245253,0.0843672,0.0792824,0.0297619,0.00873908,0.0117925,0.0237204,0.0288066
0.0276899,0.0951199,0.124421,0.0470238,0.00811486,0.0117925,0.0224719,0.0298354
0.0268987,0.0926385,0.126157,0.05,0.0093633,0.0133648,0.0262172,0.0298354
0.0213608,0.0967742,0.127894,0.0482143,0.0118602,0.0110063,0.0299625,0.031893
0.0213608,0.0909843,0.12037,0.0482143,0.00998752,0.0149371,0.0274657,0.031893
0.0197785,0.0868486,0.118634,0.0488095,0.0118602,0.0157233,0.0274657,0.0246914
0.0166139,0.0810587,0.0792824,0.0345238,0.0106117,0.0165094,0.0287141,0.0236626
0.0174051,0.0810587,0.0694444,0.0285714,0.0106117,0.0125786,0.0237204,0.0236626
0.0166139,0.0868486,0.0677083,0.0291667,0.00873908,0.0157233,0.0224719,0.0205761
0.0158228,0.0860215,0.0671296,0.0285714,0.0118602,0.0188679,0.0287141,0.0113169
